;stage;fecha_hecho;poblacion;territorio;caracteristica;patrimonio;latitud;longitud;caso;valor;cantidad;id;nombre_barrio;codigo_barrio;codigo_comuna;lugar;sede_receptora;id;sexo;edad;estado_civil;grupo_actor;actividad_delictiva;parentesco;ocupacion;discapacidad;grupo_especial;medio_transporte;nivel_academico;testigo;id;conducta;modalidad;caracterizacion;conducta_especial;arma_medio;articulo_penal;categoria_penal;id;bien;categoria_bien;grupo_bien;modelo;color;permiso;unidad_medida
2153;HS_HURTO_GENERAL_2010_14900;2005-08-24 16:00:00;931364cb64038cd3922ef57d9f50b9a2967c96df;769cb72fdc938f4c96bf78662f8795e5c617cac5;eaacba87b3e029abdb58e4214b44ccc315fd2de2;0ab4f50acb668cf6c443a8b7ee35c3ca0a65c2e6;;;VERDADERO;9000000;1;769cb72fdc938f4c96bf78662f8795e5c617cac5;La Florida S.A.P.;#8001;80;Vía pública;Itagüí;931364cb64038cd3922ef57d9f50b9a2967c96df;Hombre;38;Casado(a);Sin dato;Sin dato;Sin dato;Sin dato;Sin dato;Sin dato;Caminata;Sin dato;Sin dato;eaacba87b3e029abdb58e4214b44ccc315fd2de2;Hurto de semoviente;Descuido;Sin dato;Sin dato;Sin dato;Sin dato;Sin dato;0ab4f50acb668cf6c443a8b7ee35c3ca0a65c2e6;Animales domésticos;Fauna;Mercancía;-1;Sin dato;Sin dato;Sin dato
4338;HS_HURTO_GENERAL_2013_20845;2007-12-17 08:00:00;6f4114ad71d7eaec5c18fb39ea7feb206c274d9a;27dde8cc2768ffd1d07960c8d69a2482a3e8efdd;429baa1a54a03fc261ea315e9160af5906391bdb;0ab4f50acb668cf6c443a8b7ee35c3ca0a65c2e6;6,276322;-75,573295;FALSO;5200000;1;27dde8cc2768ffd1d07960c8d69a2482a3e8efdd;Terminal de Transporte;#Inst_4;5;Vía pública;Castilla;6f4114ad71d7eaec5c18fb39ea7feb206c274d9a;Hombre;78;Casado(a);Sin dato;Sin dato;Sin dato;Sin dato;Sin dato;Sin dato;Caminata;Sin dato;Sin dato;429baa1a54a03fc261ea315e9160af5906391bdb;Hurto de semoviente;Arreo;Sin dato;Sin dato;Sin dato;Sin dato;Sin dato;0ab4f50acb668cf6c443a8b7ee35c3ca0a65c2e6;Animales domésticos;Fauna;Mercancía;-1;Sin dato;Sin dato;Sin dato
4805;HS_HURTO_GENERAL_2010_11782;2005-01-25 14:30:00;ffa28e1c7488a0dcfc60946793cdf4ab18669191;31594b19f217d2ff1a3cca54611fd740a41a940a;eaacba87b3e029abdb58e4214b44ccc315fd2de2;0ab4f50acb668cf6c443a8b7ee35c3ca0a65c2e6;;;VERDADERO;3000000;1;31594b19f217d2ff1a3cca54611fd740a41a940a;Barro Blanco;#9004;90;Finca;Villa Hermosa;ffa28e1c7488a0dcfc60946793cdf4ab18669191;Hombre;33;Casado(a);Sin dato;Sin dato;Sin dato;Sin dato;Sin dato;Sin dato;Caminata;Sin dato;Sin dato;eaacba87b3e029abdb58e4214b44ccc315fd2de2;Hurto de semoviente;Descuido;Sin dato;Sin dato;Sin dato;Sin dato;Sin dato;0ab4f50acb668cf6c443a8b7ee35c3ca0a65c2e6;Animales domésticos;Fauna;Mercancía;-1;Sin dato;Sin dato;Sin dato
4806;HS_HURTO_GENERAL_2013_10209;2005-01-25 14:30:00;ffa28e1c7488a0dcfc60946793cdf4ab18669191;31594b19f217d2ff1a3cca54611fd740a41a940a;eaacba87b3e029abdb58e4214b44ccc315fd2de2;0ab4f50acb668cf6c443a8b7ee35c3ca0a65c2e6;;;FALSO;3000000;1;31594b19f217d2ff1a3cca54611fd740a41a940a;Barro Blanco;#9004;90;Finca;Villa Hermosa;ffa28e1c7488a0dcfc60946793cdf4ab18669191;Hombre;33;Casado(a);Sin dato;Sin dato;Sin dato;Sin dato;Sin dato;Sin dato;Caminata;Sin dato;Sin dato;eaacba87b3e029abdb58e4214b44ccc315fd2de2;Hurto de semoviente;Descuido;Sin dato;Sin dato;Sin dato;Sin dato;Sin dato;0ab4f50acb668cf6c443a8b7ee35c3ca0a65c2e6;Animales domésticos;Fauna;Mercancía;-1;Sin dato;Sin dato;Sin dato
12803;1c3203b2-66e1-47a2-9ee0-317d2876ef01;2021-06-09 10:50:00;c956d3a5ba74ab1758c1fc2eea5e38a1729ca04f;e6a53c0025bb37fc57e1cd43b887619ca5232250;fa314032ba1b837f51e5230660ab8b5518ca573c;0ab4f50acb668cf6c443a8b7ee35c3ca0a65c2e6;6,18007876;-75,65413654;VERDADERO;4000000;1;e6a53c0025bb37fc57e1cd43b887619ca5232250;Área de expansión San Antonio De Prado;#AE7;80;Finca;San Antonio de Prado;c956d3a5ba74ab1758c1fc2eea5e38a1729ca04f;Hombre;50;Soltero(a);Sin dato;Sin dato;Sin dato;Sin dato;Sin dato;Sin dato;Caminata;Sin dato;Sin dato;fa314032ba1b837f51e5230660ab8b5518ca573c;Hurto de semoviente;Arreo;Sin dato;No;No;Sin dato;Sin dato;0ab4f50acb668cf6c443a8b7ee35c3ca0a65c2e6;Animales domésticos;Fauna;Mercancía;-1;Sin dato;Sin dato;Sin dato
13142;e2d22de3-4603-484a-934c-9879f0fecbd4;2021-12-20 04:00:00;46dbc32f782502262ed76e1ae8c3389f0e5c1b35;2a5bd54011a18e268d5990df52c1c396e7d46994;14ddbf55ca54e0eb4eef60d03b2869aa888e7b27;0ab4f50acb668cf6c443a8b7ee35c3ca0a65c2e6;6,29851804;-75,55980029;VERDADERO;29999998;1;2a5bd54011a18e268d5990df52c1c396e7d46994;Héctor Abad Gómez;#0507;5;Vía pública;Castilla;46dbc32f782502262ed76e1ae8c3389f0e5c1b35;Hombre;26;Unión marital de hecho;Sin dato;Sin dato;Sin dato;Sin dato;Sin dato;Sin dato;Automóvil;Sin dato;Sin dato;14ddbf55ca54e0eb4eef60d03b2869aa888e7b27;Hurto de semoviente;Atraco;Sin dato;No;Arma de fuego;Sin dato;Sin dato;0ab4f50acb668cf6c443a8b7ee35c3ca0a65c2e6;Animales domésticos;Fauna;Mercancía;-1;Sin dato;Sin dato;Sin dato
15326;77b812768624099dafa68c144033c55c209d9baf;2017-03-28 02:00:00;8892bd24bec666c5816d96f012a57eaae1c02e97;4397036e43847034c4473af39dcb1f765603f6d2;fa314032ba1b837f51e5230660ab8b5518ca573c;0ab4f50acb668cf6c443a8b7ee35c3ca0a65c2e6;6,28674062;-75,64021435;VERDADERO;5000000;1;4397036e43847034c4473af39dcb1f765603f6d2;Pedregal Alto;#6013;60;Finca;Doce de Octubre;8892bd24bec666c5816d96f012a57eaae1c02e97;Hombre;50;Casado(a);Sin dato;Sin dato;Sin dato;Sin dato;Sin dato;Sin dato;Caminata;Sin dato;Sin dato;fa314032ba1b837f51e5230660ab8b5518ca573c;Hurto de semoviente;Arreo;Sin dato;No;No;Sin dato;Sin dato;0ab4f50acb668cf6c443a8b7ee35c3ca0a65c2e6;Animales domésticos;Fauna;Mercancía;-1;Sin dato;Sin dato;Sin dato
15837;HS_HURTO_GENERAL_2013_9340;2004-11-16 02:00:00;becc4ee759d301f55369589666881e3f62113ba6;e19465969c91a1bbcff3caec74c426cb444de5b8;25cf76920018f9adfd489cce7f9d2db850b40cf2;0ab4f50acb668cf6c443a8b7ee35c3ca0a65c2e6;;;VERDADERO;899999,9375;1;e19465969c91a1bbcff3caec74c426cb444de5b8;Robledo;#0717;7;Finca;Sin dato;becc4ee759d301f55369589666881e3f62113ba6;Hombre;47;Sin dato;Sin dato;Sin dato;Sin dato;Sin dato;Sin dato;Sin dato;Sin dato;Sin dato;Sin dato;25cf76920018f9adfd489cce7f9d2db850b40cf2;Hurto de semoviente;Sin dato;Sin dato;Sin dato;Sin dato;Sin dato;Sin dato;0ab4f50acb668cf6c443a8b7ee35c3ca0a65c2e6;Animales domésticos;Fauna;Mercancía;-1;Sin dato;Sin dato;Sin dato
24614;HS_HURTO_GENERAL_2010_8446;2004-06-08 21:20:00;0d1ad596240fb829439ede56261c24130b4aa26b;9a46629da9bb30fa6384576db1cc0540ada091d8;25cf76920018f9adfd489cce7f9d2db850b40cf2;0ab4f50acb668cf6c443a8b7ee35c3ca0a65c2e6;;;VERDADERO;3500000;1;9a46629da9bb30fa6384576db1cc0540ada091d8;Sin dato;SIN DATO;SIN DATO;Vía pública;Villa Hermosa;0d1ad596240fb829439ede56261c24130b4aa26b;Hombre;38;Soltero(a);Sin dato;Sin dato;Sin dato;Sin dato;Sin dato;Sin dato;Sin dato;Sin dato;Sin dato;25cf76920018f9adfd489cce7f9d2db850b40cf2;Hurto de semoviente;Sin dato;Sin dato;Sin dato;Sin dato;Sin dato;Sin dato;0ab4f50acb668cf6c443a8b7ee35c3ca0a65c2e6;Animales domésticos;Fauna;Mercancía;-1;Sin dato;Sin dato;Sin dato
26372;HS_HURTO_GENERAL_2013_25974;2009-04-22 17:00:00;2304fff9989ca33b9dc51f561aec1225b91a0029;23d8286691b7e06ac2ffa09160ccc182b1465fea;821f222ab4ef884b6b98e78560b4b46280a1442f;0ab4f50acb668cf6c443a8b7ee35c3ca0a65c2e6;;;FALSO;14000000;1;23d8286691b7e06ac2ffa09160ccc182b1465fea;Sin dato;SIN DATO;SIN DATO;Finca;Belén;2304fff9989ca33b9dc51f561aec1225b91a0029;Hombre;60;Casado(a);Sin dato;Sin dato;Sin dato;Sin dato;Sin dato;Sin dato;Caminata;Sin dato;Sin dato;821f222ab4ef884b6b98e78560b4b46280a1442f;Hurto de semoviente;Arreo;Sin dato;Sin dato;Arma cortopunzante;Sin dato;Sin dato;0ab4f50acb668cf6c443a8b7ee35c3ca0a65c2e6;Animales domésticos;Fauna;Mercancía;-1;Sin dato;Sin dato;Sin dato
27863;HS_HURTO_GENERAL_2013_43677;2013-07-01 10:00:00;1c440033279cca6e5e4f0b3f8e6ecf1427c74f1e;677a3f120ab6fa1340115635ac2975f69260aca8;cf6494077082b620d07b18d7c92a746d69b19863;0ab4f50acb668cf6c443a8b7ee35c3ca0a65c2e6;6,263064;-75,612493;VERDADERO;10000000;1;677a3f120ab6fa1340115635ac2975f69260aca8;Juan XXIIIi la Quiebra;#1307;13;Potrero;San Javier;1c440033279cca6e5e4f0b3f8e6ecf1427c74f1e;Hombre;26;Unión marital de hecho;Sin dato;Sin dato;Sin dato;Sin dato;Sin dato;Sin dato;Sin dato;Sin dato;Sin dato;cf6494077082b620d07b18d7c92a746d69b19863;Hurto de semoviente;Descuido;Sin dato;No;No;Sin dato;Sin dato;0ab4f50acb668cf6c443a8b7ee35c3ca0a65c2e6;Animales domésticos;Fauna;Mercancía;-1;Sin dato;Sin dato;Sin dato
33277;46562f32-a57e-47f9-84a5-c7aaae36e1ad;2021-04-27 18:51:00;c956d3a5ba74ab1758c1fc2eea5e38a1729ca04f;02ee147c4e56e139bd457d4cfeb2d480012a9d0f;cf6494077082b620d07b18d7c92a746d69b19863;0ab4f50acb668cf6c443a8b7ee35c3ca0a65c2e6;6,29729673;-75,63566574;VERDADERO;14999999;1;02ee147c4e56e139bd457d4cfeb2d480012a9d0f;La Ilusion;#6008;60;Potrero;Doce de Octubre;c956d3a5ba74ab1758c1fc2eea5e38a1729ca04f;Hombre;50;Soltero(a);Sin dato;Sin dato;Sin dato;Sin dato;Sin dato;Sin dato;Caminata;Sin dato;Sin dato;cf6494077082b620d07b18d7c92a746d69b19863;Hurto de semoviente;Descuido;Sin dato;No;No;Sin dato;Sin dato;0ab4f50acb668cf6c443a8b7ee35c3ca0a65c2e6;Animales domésticos;Fauna;Mercancía;-1;Sin dato;Sin dato;Sin dato
39848;bee0975a5569b2cc0010c43fc30cb49c81feddcf;2017-04-09 00:00:00;ae1d6ec1ce0e9d2471327837abf0ab93e83617db;c38aebe3a3ad66e5bc03320a9cfd0669d633ef70;fa314032ba1b837f51e5230660ab8b5518ca573c;cdd2403abc2fbe19253a01600a49420c01503694;6,27505693;-75,61091295;VERDADERO;5000000;1;c38aebe3a3ad66e5bc03320a9cfd0669d633ef70;Olaya Herrera;#0722;7;Vía pública;Castilla;ae1d6ec1ce0e9d2471327837abf0ab93e83617db;Hombre;47;Casado(a);Sin dato;Sin dato;Sin dato;Sin dato;Sin dato;Sin dato;Caminata;Sin dato;Sin dato;fa314032ba1b837f51e5230660ab8b5518ca573c;Hurto de semoviente;Arreo;Sin dato;No;No;Sin dato;Sin dato;cdd2403abc2fbe19253a01600a49420c01503694;Animales domésticos;Fauna;Mercancía;-1;Negro;Sin dato;Sin dato
40630;6a7ad3d061ea9571e608de9fa6d8fce62c2dddb5;2020-08-07 10:00:00;931364cb64038cd3922ef57d9f50b9a2967c96df;8c7e110619b0f7871c2fcf33e331e31639ad8fdc;fa314032ba1b837f51e5230660ab8b5518ca573c;3a8e703a337586d18e01c727a2885a179ee16015;6,19232046;-75,55481122;VERDADERO;2500000;1;8c7e110619b0f7871c2fcf33e331e31639ad8fdc;Los Naranjos;#1410;14;Finca;Poblado;931364cb64038cd3922ef57d9f50b9a2967c96df;Hombre;38;Casado(a);Sin dato;Sin dato;Sin dato;Sin dato;Sin dato;Sin dato;Caminata;Sin dato;Sin dato;fa314032ba1b837f51e5230660ab8b5518ca573c;Hurto de semoviente;Arreo;Sin dato;No;No;Sin dato;Sin dato;3a8e703a337586d18e01c727a2885a179ee16015;Animales domésticos;Fauna;Mercancía;-1;Café;Sin dato;Sin dato
40953;HS_HURTO_GENERAL_2013_13016;2005-08-24 16:00:00;931364cb64038cd3922ef57d9f50b9a2967c96df;ccd91b3da924306ae6df26114ad78285c16d70e4;eaacba87b3e029abdb58e4214b44ccc315fd2de2;0ab4f50acb668cf6c443a8b7ee35c3ca0a65c2e6;;;FALSO;9000000;1;ccd91b3da924306ae6df26114ad78285c16d70e4;La Florida S.A.P.;#8001;80;Vía pública;Belén;931364cb64038cd3922ef57d9f50b9a2967c96df;Hombre;38;Casado(a);Sin dato;Sin dato;Sin dato;Sin dato;Sin dato;Sin dato;Caminata;Sin dato;Sin dato;eaacba87b3e029abdb58e4214b44ccc315fd2de2;Hurto de semoviente;Descuido;Sin dato;Sin dato;Sin dato;Sin dato;Sin dato;0ab4f50acb668cf6c443a8b7ee35c3ca0a65c2e6;Animales domésticos;Fauna;Mercancía;-1;Sin dato;Sin dato;Sin dato
43925;HS_HURTO_GENERAL_2013_49130;2013-12-24 07:30:00;80abff09eb5171600860ac3b101346f2f57b3b2e;8f1c7fc5fd6988eacc2e07a38ac34f915810cd8d;fa314032ba1b837f51e5230660ab8b5518ca573c;0ab4f50acb668cf6c443a8b7ee35c3ca0a65c2e6;;;VERDADERO;1000000;1;8f1c7fc5fd6988eacc2e07a38ac34f915810cd8d;Boqueron;#6006;60;Finca;Doce de Octubre;80abff09eb5171600860ac3b101346f2f57b3b2e;Hombre;43;Unión marital de hecho;Sin dato;Sin dato;Sin dato;Sin dato;Sin dato;Sin dato;Caminata;Sin dato;Sin dato;fa314032ba1b837f51e5230660ab8b5518ca573c;Hurto de semoviente;Arreo;Sin dato;No;No;Sin dato;Sin dato;0ab4f50acb668cf6c443a8b7ee35c3ca0a65c2e6;Animales domésticos;Fauna;Mercancía;-1;Sin dato;Sin dato;Sin dato
45636;dab4314c3bf6bf14fa5b8e01a9b562392cf26705;2015-04-20 06:30:00;b1bc31b271ce43a7f0c72c4a16c8cad8c0c03b0a;7b4eb830f7a3c8af46f90f582fa1c66b121b9ab2;c805eb33b7eeb5581d2a3b335bba50078f22acfd;0ab4f50acb668cf6c443a8b7ee35c3ca0a65c2e6;6,16685898;-75,6463707;VERDADERO;8000000;1;7b4eb830f7a3c8af46f90f582fa1c66b121b9ab2;Área Urbana Cgto. San Antonio de Prado;#AUC2;80;Finca;San Antonio de Prado;b1bc31b271ce43a7f0c72c4a16c8cad8c0c03b0a;Hombre;45;Unión marital de hecho;Sin dato;Sin dato;Sin dato;Sin dato;Sin dato;Sin dato;Caminata;Sin dato;Sin dato;c805eb33b7eeb5581d2a3b335bba50078f22acfd;Hurto de semoviente;Desvalijar o descuartizar;Sin dato;No;No;Sin dato;Sin dato;0ab4f50acb668cf6c443a8b7ee35c3ca0a65c2e6;Animales domésticos;Fauna;Mercancía;-1;Sin dato;Sin dato;Sin dato
47315;53ff7a8c21431aa671afdd1d2b2e534466aa0443;2018-02-08 02:30:00;c2f60b43fa5aa4373f4f1b9235e51f6b3d241b31;0d2d30aec37f11261fdb5e30bb98cfd205369910;fa314032ba1b837f51e5230660ab8b5518ca573c;3a8e703a337586d18e01c727a2885a179ee16015;6,25363284;-75,53619295;VERDADERO;3000000;1;0d2d30aec37f11261fdb5e30bb98cfd205369910;Piedras Blancas Matasano;#9003;90;Finca;Buenos Aires;c2f60b43fa5aa4373f4f1b9235e51f6b3d241b31;Hombre;44;Casado(a);Sin dato;Sin dato;Sin dato;Sin dato;Sin dato;Sin dato;Caminata;Sin dato;Sin dato;fa314032ba1b837f51e5230660ab8b5518ca573c;Hurto de semoviente;Arreo;Sin dato;No;No;Sin dato;Sin dato;3a8e703a337586d18e01c727a2885a179ee16015;Animales domésticos;Fauna;Mercancía;-1;Café;Sin dato;Sin dato
48030;HS_HURTO_GENERAL_2010_31644;2009-08-01 04:45:00;8892bd24bec666c5816d96f012a57eaae1c02e97;ffcf47eff38e2df33b3a84fa66374f6720410817;d8ac1aacb926815dd790645ce718ac00db6b28b1;4ae8b814fab138d9032654fdc7d5f2ef29519810;;;VERDADERO;20000000;1;ffcf47eff38e2df33b3a84fa66374f6720410817;Sin dato;SIN DATO;SIN DATO;Lote baldío;Doce de Octubre;8892bd24bec666c5816d96f012a57eaae1c02e97;Hombre;50;Casado(a);Sin dato;Sin dato;Sin dato;Sin dato;Sin dato;Sin dato;Caminata;Sin dato;Sin dato;d8ac1aacb926815dd790645ce718ac00db6b28b1;Hurto de semoviente;Desvalijar o descuartizar;Sin dato;Sin dato;Arma cortopunzante;Sin dato;Sin dato;4ae8b814fab138d9032654fdc7d5f2ef29519810;Animales domésticos;Fauna;Mercancía;-1;Blanco;Sin dato;Sin dato
48327;bc04842402ff206ee332fd99c51b4a11e2be37e4;2020-02-29 02:00:00;8892bd24bec666c5816d96f012a57eaae1c02e97;5c68db408b2d6b6381bbb5c92a90acb4884cc07b;fa314032ba1b837f51e5230660ab8b5518ca573c;3a8e703a337586d18e01c727a2885a179ee16015;6,28288277;-75,63411029;VERDADERO;2000000;1;5c68db408b2d6b6381bbb5c92a90acb4884cc07b;Pedregal Alto;#6013;60;Potrero;Doce de Octubre;8892bd24bec666c5816d96f012a57eaae1c02e97;Hombre;50;Casado(a);Sin dato;Sin dato;Sin dato;Sin dato;Sin dato;Sin dato;Caminata;Sin dato;Sin dato;fa314032ba1b837f51e5230660ab8b5518ca573c;Hurto de semoviente;Arreo;Sin dato;No;No;Sin dato;Sin dato;3a8e703a337586d18e01c727a2885a179ee16015;Animales domésticos;Fauna;Mercancía;-1;Café;Sin dato;Sin dato
48331;aa230c6db618b4b4e4fc19c6dae1eb9037bddfcc;2020-09-09 01:00:00;1db1a6e70e1244aa122fd0ecc1175db71c70f8ff;6eb18d240d5bd22d5ca34286911f2c0a44355899;cf6494077082b620d07b18d7c92a746d69b19863;0ab4f50acb668cf6c443a8b7ee35c3ca0a65c2e6;6,24710209;-75,63058087;VERDADERO;3000000;1;6eb18d240d5bd22d5ca34286911f2c0a44355899;El Corazón;#1313;13;Finca;San Javier;1db1a6e70e1244aa122fd0ecc1175db71c70f8ff;Mujer;46;Unión marital de hecho;Sin dato;Sin dato;Sin dato;Sin dato;Sin dato;Sin dato;Caminata;Sin dato;Sin dato;cf6494077082b620d07b18d7c92a746d69b19863;Hurto de semoviente;Descuido;Sin dato;No;No;Sin dato;Sin dato;0ab4f50acb668cf6c443a8b7ee35c3ca0a65c2e6;Animales domésticos;Fauna;Mercancía;-1;Sin dato;Sin dato;Sin dato
55034;213a96be36cdcc1d2a2c57163b460772233b377d;2017-02-27 00:00:00;15976ccdd7746c57484ee4f9f37e40adde601c3a;cd51922a583541e37490ad962863aacbe10b15cf;d852fb703a17142dc115367cbd161c9594fcb76d;0ab4f50acb668cf6c443a8b7ee35c3ca0a65c2e6;6,28244064;-75,60609571;VERDADERO;0;1;cd51922a583541e37490ad962863aacbe10b15cf;Pajarito;#0723;7;Finca;Castilla;15976ccdd7746c57484ee4f9f37e40adde601c3a;Hombre;57;Casado(a);Sin dato;Sin dato;Sin dato;Sin dato;Sin dato;Sin dato;Caminata;Sin dato;Sin dato;d852fb703a17142dc115367cbd161c9594fcb76d;Hurto de semoviente;Desvalijar o descuartizar;Sin dato;No;Arma cortopunzante;Sin dato;Sin dato;0ab4f50acb668cf6c443a8b7ee35c3ca0a65c2e6;Animales domésticos;Fauna;Mercancía;-1;Sin dato;Sin dato;Sin dato
55346;90b4ffdeeb36b335a6b6d3610fd906e88e469e18;2017-06-19 20:30:00;7f39b11faafa3c5ac64124453f66fd7dca1e4a68;2d3bac9f182153e43c1a0158b5008650a0738ed0;cf6494077082b620d07b18d7c92a746d69b19863;0ab4f50acb668cf6c443a8b7ee35c3ca0a65c2e6;6,22686373;-75,51601208;VERDADERO;400000;1;2d3bac9f182153e43c1a0158b5008650a0738ed0;Media Luna;#9002;90;Finca;Buenos Aires;7f39b11faafa3c5ac64124453f66fd7dca1e4a68;Hombre;32;Casado(a);Sin dato;Sin dato;Sin dato;Sin dato;Sin dato;Sin dato;Caminata;Sin dato;Sin dato;cf6494077082b620d07b18d7c92a746d69b19863;Hurto de semoviente;Descuido;Sin dato;No;No;Sin dato;Sin dato;0ab4f50acb668cf6c443a8b7ee35c3ca0a65c2e6;Animales domésticos;Fauna;Mercancía;-1;Sin dato;Sin dato;Sin dato
58893;HS_HURTO_GENERAL_2010_23004;2007-07-31 12:50:00;7c2c629cf04652bf4b689d020f34bf3190da93fa;bf791b635857fba6d1bff31a7c112078ee706184;dfa50894ec839ca1e1ba2a05d845d3aa9ae9d94a;0ab4f50acb668cf6c443a8b7ee35c3ca0a65c2e6;6,245624;-75,580796;VERDADERO;150000000;1;bf791b635857fba6d1bff31a7c112078ee706184;Los Conquistadores;#1105;11;Vía pública;Laureles;7c2c629cf04652bf4b689d020f34bf3190da93fa;Hombre;32;Casado(a);Sin dato;Sin dato;Sin dato;Sin dato;Sin dato;Sin dato;Automóvil;Sin dato;Sin dato;dfa50894ec839ca1e1ba2a05d845d3aa9ae9d94a;Hurto de semoviente;Atraco;Sin dato;Sin dato;Sin dato;Sin dato;Sin dato;0ab4f50acb668cf6c443a8b7ee35c3ca0a65c2e6;Animales domésticos;Fauna;Mercancía;-1;Sin dato;Sin dato;Sin dato
58894;HS_HURTO_GENERAL_2013_19811;2007-07-31 12:50:00;7c2c629cf04652bf4b689d020f34bf3190da93fa;bf791b635857fba6d1bff31a7c112078ee706184;dfa50894ec839ca1e1ba2a05d845d3aa9ae9d94a;0ab4f50acb668cf6c443a8b7ee35c3ca0a65c2e6;6,245624;-75,580796;FALSO;150000000;1;bf791b635857fba6d1bff31a7c112078ee706184;Los Conquistadores;#1105;11;Vía pública;Laureles;7c2c629cf04652bf4b689d020f34bf3190da93fa;Hombre;32;Casado(a);Sin dato;Sin dato;Sin dato;Sin dato;Sin dato;Sin dato;Automóvil;Sin dato;Sin dato;dfa50894ec839ca1e1ba2a05d845d3aa9ae9d94a;Hurto de semoviente;Atraco;Sin dato;Sin dato;Sin dato;Sin dato;Sin dato;0ab4f50acb668cf6c443a8b7ee35c3ca0a65c2e6;Animales domésticos;Fauna;Mercancía;-1;Sin dato;Sin dato;Sin dato
60162;HS_HURTO_GENERAL_2010_9573;2004-08-15 05:00:00;ed06b9db0abe9a29566dbd6a0d1b0300fa318218;f2472ee3267362a2c9998e408b0b6a35e953dee2;eaacba87b3e029abdb58e4214b44ccc315fd2de2;0ab4f50acb668cf6c443a8b7ee35c3ca0a65c2e6;6,248944;-75,543208;VERDADERO;2000000;1;f2472ee3267362a2c9998e408b0b6a35e953dee2;Los Mangos;#0807;8;Vía pública;Villa Hermosa;ed06b9db0abe9a29566dbd6a0d1b0300fa318218;Hombre;33;Soltero(a);Sin dato;Sin dato;Sin dato;Sin dato;Sin dato;Sin dato;Sin dato;Sin dato;Sin dato;eaacba87b3e029abdb58e4214b44ccc315fd2de2;Hurto de semoviente;Descuido;Sin dato;Sin dato;Sin dato;Sin dato;Sin dato;0ab4f50acb668cf6c443a8b7ee35c3ca0a65c2e6;Animales domésticos;Fauna;Mercancía;-1;Sin dato;Sin dato;Sin dato
63683;9d206fe31f433e4a64061fcd99ef928b29d46b73;2020-01-10 00:00:00;117e539056ad0f2b857700532864ee9dff916472;2a7096e652042197c463ed5d91c4d2142804be78;cf6494077082b620d07b18d7c92a746d69b19863;0ab4f50acb668cf6c443a8b7ee35c3ca0a65c2e6;6,30647064;-75,63803665;VERDADERO;5100000;1;2a7096e652042197c463ed5d91c4d2142804be78;San Jose de La Montaña;#6007;60;Finca;Doce de Octubre;117e539056ad0f2b857700532864ee9dff916472;Hombre;64;Soltero(a);Sin dato;Sin dato;Sin dato;Sin dato;Sin dato;Sin dato;Caminata;Sin dato;Sin dato;cf6494077082b620d07b18d7c92a746d69b19863;Hurto de semoviente;Descuido;Sin dato;No;No;Sin dato;Sin dato;0ab4f50acb668cf6c443a8b7ee35c3ca0a65c2e6;Animales domésticos;Fauna;Mercancía;-1;Sin dato;Sin dato;Sin dato
65921;7de85d0d-46fe-41d3-89f6-51e8b8f56dca;2022-07-28 19:00:00;b1bc31b271ce43a7f0c72c4a16c8cad8c0c03b0a;c0d21cb7c3e542ca60c0c39bfa14f6b5e12e172d;cf6494077082b620d07b18d7c92a746d69b19863;0ab4f50acb668cf6c443a8b7ee35c3ca0a65c2e6;6,31708855;-75,65740935;VERDADERO;2000000;1;c0d21cb7c3e542ca60c0c39bfa14f6b5e12e172d;Boqueron;#6006;60;Potrero;Doce de Octubre;b1bc31b271ce43a7f0c72c4a16c8cad8c0c03b0a;Hombre;45;Unión marital de hecho;Sin dato;Sin dato;Sin dato;Sin dato;Sin dato;Sin dato;Caminata;Sin dato;Sin dato;cf6494077082b620d07b18d7c92a746d69b19863;Hurto de semoviente;Descuido;Sin dato;No;No;Sin dato;Sin dato;0ab4f50acb668cf6c443a8b7ee35c3ca0a65c2e6;Animales domésticos;Fauna;Mercancía;-1;Sin dato;Sin dato;Sin dato
68140;1e75b6b1fa75bb64a2eb4145a756392e08681594;2016-02-05 03:25:00;406aa6932aefb6bedc14bcc034cb36f3545cc9e9;9acc0ee2b4b8612ae0658dd08fb7c1015c16fc18;fa314032ba1b837f51e5230660ab8b5518ca573c;0ab4f50acb668cf6c443a8b7ee35c3ca0a65c2e6;6,19256111;-75,65187019;VERDADERO;6000000;1;9acc0ee2b4b8612ae0658dd08fb7c1015c16fc18;La Verde;#8007;80;Finca;San Antonio de Prado;406aa6932aefb6bedc14bcc034cb36f3545cc9e9;Hombre;35;Soltero(a);Sin dato;Sin dato;Sin dato;Sin dato;Sin dato;Sin dato;Caminata;Sin dato;Sin dato;fa314032ba1b837f51e5230660ab8b5518ca573c;Hurto de semoviente;Arreo;Sin dato;No;No;Sin dato;Sin dato;0ab4f50acb668cf6c443a8b7ee35c3ca0a65c2e6;Animales domésticos;Fauna;Mercancía;-1;Sin dato;Sin dato;Sin dato
73329;35dd521e9d55661d04abd82425931f60fc7a1374;2019-04-01 06:00:00;406aa6932aefb6bedc14bcc034cb36f3545cc9e9;e28c3a2087fe67689cc2cc0786b3825e840b1d37;d852fb703a17142dc115367cbd161c9594fcb76d;0ab4f50acb668cf6c443a8b7ee35c3ca0a65c2e6;6,23127179;-75,6687752;VERDADERO;50000000;1;e28c3a2087fe67689cc2cc0786b3825e840b1d37;El Astillero;#8005;80;Finca;San Antonio de Prado;406aa6932aefb6bedc14bcc034cb36f3545cc9e9;Hombre;35;Soltero(a);Sin dato;Sin dato;Sin dato;Sin dato;Sin dato;Sin dato;Caminata;Sin dato;Sin dato;d852fb703a17142dc115367cbd161c9594fcb76d;Hurto de semoviente;Desvalijar o descuartizar;Sin dato;No;Arma cortopunzante;Sin dato;Sin dato;0ab4f50acb668cf6c443a8b7ee35c3ca0a65c2e6;Animales domésticos;Fauna;Mercancía;-1;Sin dato;Sin dato;Sin dato
75187;HS_HURTO_GENERAL_2010_15653;2005-10-13 03:00:00;c956d3a5ba74ab1758c1fc2eea5e38a1729ca04f;2c7db4f36e27a7b5ceb16f3bddd91e2b48a9ff48;eaacba87b3e029abdb58e4214b44ccc315fd2de2;0ab4f50acb668cf6c443a8b7ee35c3ca0a65c2e6;6,229316;-75,612564;FALSO;1000000;1;2c7db4f36e27a7b5ceb16f3bddd91e2b48a9ff48;Las Violetas;#1616;16;Potrero;Belén;c956d3a5ba74ab1758c1fc2eea5e38a1729ca04f;Hombre;50;Soltero(a);Sin dato;Sin dato;Sin dato;Sin dato;Sin dato;Sin dato;Caminata;Sin dato;Sin dato;eaacba87b3e029abdb58e4214b44ccc315fd2de2;Hurto de semoviente;Descuido;Sin dato;Sin dato;Sin dato;Sin dato;Sin dato;0ab4f50acb668cf6c443a8b7ee35c3ca0a65c2e6;Animales domésticos;Fauna;Mercancía;-1;Sin dato;Sin dato;Sin dato
75188;HS_HURTO_GENERAL_2010_15652;2005-10-13 03:00:00;c956d3a5ba74ab1758c1fc2eea5e38a1729ca04f;2c7db4f36e27a7b5ceb16f3bddd91e2b48a9ff48;eaacba87b3e029abdb58e4214b44ccc315fd2de2;0ab4f50acb668cf6c443a8b7ee35c3ca0a65c2e6;6,229316;-75,612564;VERDADERO;1000000;1;2c7db4f36e27a7b5ceb16f3bddd91e2b48a9ff48;Las Violetas;#1616;16;Potrero;Belén;c956d3a5ba74ab1758c1fc2eea5e38a1729ca04f;Hombre;50;Soltero(a);Sin dato;Sin dato;Sin dato;Sin dato;Sin dato;Sin dato;Caminata;Sin dato;Sin dato;eaacba87b3e029abdb58e4214b44ccc315fd2de2;Hurto de semoviente;Descuido;Sin dato;Sin dato;Sin dato;Sin dato;Sin dato;0ab4f50acb668cf6c443a8b7ee35c3ca0a65c2e6;Animales domésticos;Fauna;Mercancía;-1;Sin dato;Sin dato;Sin dato
75190;HS_HURTO_GENERAL_2013_13705;2005-10-13 03:00:00;c956d3a5ba74ab1758c1fc2eea5e38a1729ca04f;2c7db4f36e27a7b5ceb16f3bddd91e2b48a9ff48;eaacba87b3e029abdb58e4214b44ccc315fd2de2;0ab4f50acb668cf6c443a8b7ee35c3ca0a65c2e6;6,229316;-75,612564;FALSO;1000000;1;2c7db4f36e27a7b5ceb16f3bddd91e2b48a9ff48;Las Violetas;#1616;16;Potrero;Belén;c956d3a5ba74ab1758c1fc2eea5e38a1729ca04f;Hombre;50;Soltero(a);Sin dato;Sin dato;Sin dato;Sin dato;Sin dato;Sin dato;Caminata;Sin dato;Sin dato;eaacba87b3e029abdb58e4214b44ccc315fd2de2;Hurto de semoviente;Descuido;Sin dato;Sin dato;Sin dato;Sin dato;Sin dato;0ab4f50acb668cf6c443a8b7ee35c3ca0a65c2e6;Animales domésticos;Fauna;Mercancía;-1;Sin dato;Sin dato;Sin dato
75191;HS_HURTO_GENERAL_2013_13706;2005-10-13 03:00:00;c956d3a5ba74ab1758c1fc2eea5e38a1729ca04f;2c7db4f36e27a7b5ceb16f3bddd91e2b48a9ff48;eaacba87b3e029abdb58e4214b44ccc315fd2de2;0ab4f50acb668cf6c443a8b7ee35c3ca0a65c2e6;6,229316;-75,612564;FALSO;1000000;1;2c7db4f36e27a7b5ceb16f3bddd91e2b48a9ff48;Las Violetas;#1616;16;Potrero;Belén;c956d3a5ba74ab1758c1fc2eea5e38a1729ca04f;Hombre;50;Soltero(a);Sin dato;Sin dato;Sin dato;Sin dato;Sin dato;Sin dato;Caminata;Sin dato;Sin dato;eaacba87b3e029abdb58e4214b44ccc315fd2de2;Hurto de semoviente;Descuido;Sin dato;Sin dato;Sin dato;Sin dato;Sin dato;0ab4f50acb668cf6c443a8b7ee35c3ca0a65c2e6;Animales domésticos;Fauna;Mercancía;-1;Sin dato;Sin dato;Sin dato
75322;HS_HURTO_GENERAL_2010_17245;2006-01-11 10:30:00;0dc51562860be17abd79a3ab8f82e9222c3e0c43;0661d1aeb693e1bb7d9d476cd72f0b3441329b00;25cf76920018f9adfd489cce7f9d2db850b40cf2;3a8e703a337586d18e01c727a2885a179ee16015;;;VERDADERO;6000000;1;0661d1aeb693e1bb7d9d476cd72f0b3441329b00;Sin dato;SIN DATO;SIN DATO;Potrero;Villa Hermosa;0dc51562860be17abd79a3ab8f82e9222c3e0c43;Hombre;37;Casado(a);Sin dato;Sin dato;Sin dato;Sin dato;Sin dato;Sin dato;Sin dato;Sin dato;Sin dato;25cf76920018f9adfd489cce7f9d2db850b40cf2;Hurto de semoviente;Sin dato;Sin dato;Sin dato;Sin dato;Sin dato;Sin dato;3a8e703a337586d18e01c727a2885a179ee16015;Animales domésticos;Fauna;Mercancía;-1;Café;Sin dato;Sin dato
75323;HS_HURTO_GENERAL_2013_15097;2006-01-11 10:30:00;0dc51562860be17abd79a3ab8f82e9222c3e0c43;0661d1aeb693e1bb7d9d476cd72f0b3441329b00;25cf76920018f9adfd489cce7f9d2db850b40cf2;3a8e703a337586d18e01c727a2885a179ee16015;;;FALSO;6000000;1;0661d1aeb693e1bb7d9d476cd72f0b3441329b00;Sin dato;SIN DATO;SIN DATO;Potrero;Villa Hermosa;0dc51562860be17abd79a3ab8f82e9222c3e0c43;Hombre;37;Casado(a);Sin dato;Sin dato;Sin dato;Sin dato;Sin dato;Sin dato;Sin dato;Sin dato;Sin dato;25cf76920018f9adfd489cce7f9d2db850b40cf2;Hurto de semoviente;Sin dato;Sin dato;Sin dato;Sin dato;Sin dato;Sin dato;3a8e703a337586d18e01c727a2885a179ee16015;Animales domésticos;Fauna;Mercancía;-1;Café;Sin dato;Sin dato
76562;HS_HURTO_GENERAL_2010_30862;2009-04-22 17:00:00;2304fff9989ca33b9dc51f561aec1225b91a0029;f545aa2a9f454968c33b0c62664477f336352919;821f222ab4ef884b6b98e78560b4b46280a1442f;0ab4f50acb668cf6c443a8b7ee35c3ca0a65c2e6;;;VERDADERO;14000000;1;f545aa2a9f454968c33b0c62664477f336352919;Sin dato;SIN DATO;SIN DATO;Finca;Itagüí;2304fff9989ca33b9dc51f561aec1225b91a0029;Hombre;60;Casado(a);Sin dato;Sin dato;Sin dato;Sin dato;Sin dato;Sin dato;Caminata;Sin dato;Sin dato;821f222ab4ef884b6b98e78560b4b46280a1442f;Hurto de semoviente;Arreo;Sin dato;Sin dato;Arma cortopunzante;Sin dato;Sin dato;0ab4f50acb668cf6c443a8b7ee35c3ca0a65c2e6;Animales domésticos;Fauna;Mercancía;-1;Sin dato;Sin dato;Sin dato
76600;HS_HURTO_GENERAL_2013_26528;2009-08-01 04:45:00;8892bd24bec666c5816d96f012a57eaae1c02e97;ffcf47eff38e2df33b3a84fa66374f6720410817;d8ac1aacb926815dd790645ce718ac00db6b28b1;4ae8b814fab138d9032654fdc7d5f2ef29519810;;;FALSO;20000000;1;ffcf47eff38e2df33b3a84fa66374f6720410817;Sin dato;SIN DATO;SIN DATO;Lote baldío;Doce de Octubre;8892bd24bec666c5816d96f012a57eaae1c02e97;Hombre;50;Casado(a);Sin dato;Sin dato;Sin dato;Sin dato;Sin dato;Sin dato;Caminata;Sin dato;Sin dato;d8ac1aacb926815dd790645ce718ac00db6b28b1;Hurto de semoviente;Desvalijar o descuartizar;Sin dato;Sin dato;Arma cortopunzante;Sin dato;Sin dato;4ae8b814fab138d9032654fdc7d5f2ef29519810;Animales domésticos;Fauna;Mercancía;-1;Blanco;Sin dato;Sin dato
81671;7149f5c6-e918-4784-a3c0-aae4a7d608ea;2021-11-01 10:00:00;bb08ab9a8dacebb5a8b00082b6444d3f934a6539;2a7096e652042197c463ed5d91c4d2142804be78;cf6494077082b620d07b18d7c92a746d69b19863;0ab4f50acb668cf6c443a8b7ee35c3ca0a65c2e6;6,3044801;-75,6377807;VERDADERO;50000000;1;2a7096e652042197c463ed5d91c4d2142804be78;San Jose de La Montaña;#6007;60;Finca;Doce de Octubre;bb08ab9a8dacebb5a8b00082b6444d3f934a6539;Hombre;39;Soltero(a);Sin dato;Sin dato;Sin dato;Sin dato;Sin dato;Sin dato;Caminata;Sin dato;Sin dato;cf6494077082b620d07b18d7c92a746d69b19863;Hurto de semoviente;Descuido;Sin dato;No;No;Sin dato;Sin dato;0ab4f50acb668cf6c443a8b7ee35c3ca0a65c2e6;Animales domésticos;Fauna;Mercancía;-1;Sin dato;Sin dato;Sin dato
93474;1e34aafa-81b3-4d36-b408-d503f29c64e4;2022-05-26 01:00:00;2b450fd3496851de039243286bf64227ee1adb80;84424c8b7a520f2f65ebeefdfe4814b0c11ee94d;cf6494077082b620d07b18d7c92a746d69b19863;0ab4f50acb668cf6c443a8b7ee35c3ca0a65c2e6;6,22044441;-75,68796216;VERDADERO;1500000;1;84424c8b7a520f2f65ebeefdfe4814b0c11ee94d;Yarumalito;#8004;80;Finca;San Antonio de Prado;2b450fd3496851de039243286bf64227ee1adb80;Hombre;30;Soltero(a);Sin dato;Sin dato;Sin dato;Sin dato;Sin dato;Sin dato;Caminata;Sin dato;Sin dato;cf6494077082b620d07b18d7c92a746d69b19863;Hurto de semoviente;Descuido;Sin dato;No;No;Sin dato;Sin dato;0ab4f50acb668cf6c443a8b7ee35c3ca0a65c2e6;Animales domésticos;Fauna;Mercancía;-1;Sin dato;Sin dato;Sin dato
103170;f0d44cd430cd517c6dfcbea3a3611cbdf76ded02;2017-11-19 14:00:00;c2f60b43fa5aa4373f4f1b9235e51f6b3d241b31;212e140dfd83588e114367764fd2de9ed849c57b;79cc16a96556ccc2c917604592f3b44fe7a80233;3a8e703a337586d18e01c727a2885a179ee16015;6,30261181;-75,56083166;VERDADERO;1300000;1;212e140dfd83588e114367764fd2de9ed849c57b;Plaza de Ferias;#Inst_1;5;Feria de ganado;Castilla;c2f60b43fa5aa4373f4f1b9235e51f6b3d241b31;Hombre;44;Casado(a);Sin dato;Sin dato;Sin dato;Sin dato;Sin dato;Sin dato;Caminata;Sin dato;Sin dato;79cc16a96556ccc2c917604592f3b44fe7a80233;Hurto de semoviente;Descuido;Sin dato;Sin dato;No;Sin dato;Sin dato;3a8e703a337586d18e01c727a2885a179ee16015;Animales domésticos;Fauna;Mercancía;-1;Café;Sin dato;Sin dato
104618;HS_HURTO_GENERAL_2010_24245;2007-12-17 08:00:00;6f4114ad71d7eaec5c18fb39ea7feb206c274d9a;27dde8cc2768ffd1d07960c8d69a2482a3e8efdd;429baa1a54a03fc261ea315e9160af5906391bdb;0ab4f50acb668cf6c443a8b7ee35c3ca0a65c2e6;6,276322;-75,573295;VERDADERO;5200000;1;27dde8cc2768ffd1d07960c8d69a2482a3e8efdd;Terminal de Transporte;#Inst_4;5;Vía pública;Castilla;6f4114ad71d7eaec5c18fb39ea7feb206c274d9a;Hombre;78;Casado(a);Sin dato;Sin dato;Sin dato;Sin dato;Sin dato;Sin dato;Caminata;Sin dato;Sin dato;429baa1a54a03fc261ea315e9160af5906391bdb;Hurto de semoviente;Arreo;Sin dato;Sin dato;Sin dato;Sin dato;Sin dato;0ab4f50acb668cf6c443a8b7ee35c3ca0a65c2e6;Animales domésticos;Fauna;Mercancía;-1;Sin dato;Sin dato;Sin dato
113948;68a1f01b-68ba-41a1-a825-038eafea0427;2021-05-09 22:00:00;70069c3ff625e96eaa1dbb0fc4aeacc8567ec058;e6a53c0025bb37fc57e1cd43b887619ca5232250;cf6494077082b620d07b18d7c92a746d69b19863;3a8e703a337586d18e01c727a2885a179ee16015;6,17354548;-75,65269332;VERDADERO;3000000;1;e6a53c0025bb37fc57e1cd43b887619ca5232250;Área de expansión San Antonio De Prado;#AE7;80;Finca;San Antonio de Prado;70069c3ff625e96eaa1dbb0fc4aeacc8567ec058;Hombre;61;Casado(a);Sin dato;Sin dato;Sin dato;Sin dato;Sin dato;Sin dato;Caminata;Sin dato;Sin dato;cf6494077082b620d07b18d7c92a746d69b19863;Hurto de semoviente;Descuido;Sin dato;No;No;Sin dato;Sin dato;3a8e703a337586d18e01c727a2885a179ee16015;Animales domésticos;Fauna;Mercancía;-1;Café;Sin dato;Sin dato
115144;1093592e-0eaa-48ba-988e-4cf2af1ad813;2022-03-11 23:40:00;fef43f6d478ba83312437856a1d974860d9dca8e;ed004f7106f77b3752558e7754b1890f879f89c1;cf6494077082b620d07b18d7c92a746d69b19863;cdd2403abc2fbe19253a01600a49420c01503694;6,32912296;-75,66698731;VERDADERO;1300000;1;ed004f7106f77b3752558e7754b1890f879f89c1;Volcana Guayabal;#5005;50;Potrero;Doce de Octubre;fef43f6d478ba83312437856a1d974860d9dca8e;Hombre;33;Soltero(a);Sin dato;Sin dato;Sin dato;Sin dato;Sin dato;Sin dato;Caminata;Sin dato;Sin dato;cf6494077082b620d07b18d7c92a746d69b19863;Hurto de semoviente;Descuido;Sin dato;No;No;Sin dato;Sin dato;cdd2403abc2fbe19253a01600a49420c01503694;Animales domésticos;Fauna;Mercancía;-1;Negro;Sin dato;Sin dato
127337;HS_HURTO_GENERAL_2013_7302;2004-06-08 21:20:00;fc4edfb6afc477f99403484f8c67a07db80592c7;46dd44a047999cf7fb1e9b0687303204d156c23a;25cf76920018f9adfd489cce7f9d2db850b40cf2;0ab4f50acb668cf6c443a8b7ee35c3ca0a65c2e6;;;VERDADERO;3500000;1;46dd44a047999cf7fb1e9b0687303204d156c23a;Sin dato;SIN DATO;SIN DATO;Vía pública;Sin dato;fc4edfb6afc477f99403484f8c67a07db80592c7;Hombre;38;Sin dato;Sin dato;Sin dato;Sin dato;Sin dato;Sin dato;Sin dato;Sin dato;Sin dato;Sin dato;25cf76920018f9adfd489cce7f9d2db850b40cf2;Hurto de semoviente;Sin dato;Sin dato;Sin dato;Sin dato;Sin dato;Sin dato;0ab4f50acb668cf6c443a8b7ee35c3ca0a65c2e6;Animales domésticos;Fauna;Mercancía;-1;Sin dato;Sin dato;Sin dato
135645;HS_HURTO_GENERAL_2010_19046;2006-05-17 00:00:00;0886e61d3834758b4ccba5dcac38b6a48ed037a9;c13e00da5e293e8737c98e1866d7884ae2615254;eaacba87b3e029abdb58e4214b44ccc315fd2de2;0ab4f50acb668cf6c443a8b7ee35c3ca0a65c2e6;;;VERDADERO;1200000;1;c13e00da5e293e8737c98e1866d7884ae2615254;Las Violetas;#1616;16;Vía pública;Belén;0886e61d3834758b4ccba5dcac38b6a48ed037a9;Hombre;44;Soltero(a);Sin dato;Sin dato;Sin dato;Sin dato;Sin dato;Sin dato;Sin dato;Sin dato;Sin dato;eaacba87b3e029abdb58e4214b44ccc315fd2de2;Hurto de semoviente;Descuido;Sin dato;Sin dato;Sin dato;Sin dato;Sin dato;0ab4f50acb668cf6c443a8b7ee35c3ca0a65c2e6;Animales domésticos;Fauna;Mercancía;-1;Sin dato;Sin dato;Sin dato
145190;HS_HURTO_GENERAL_2013_4591;2003-11-11 04:00:00;13b81a8099f498b07346a6aabd874a7de078404b;8435d55f939adef55b4c2052455f0974758fb754;25cf76920018f9adfd489cce7f9d2db850b40cf2;0ab4f50acb668cf6c443a8b7ee35c3ca0a65c2e6;;;FALSO;2000000;1;8435d55f939adef55b4c2052455f0974758fb754;Altavista;#1613;16;Finca;Sin dato;13b81a8099f498b07346a6aabd874a7de078404b;Hombre;36;Sin dato;Sin dato;Sin dato;Sin dato;Sin dato;Sin dato;Sin dato;Sin dato;Sin dato;Sin dato;25cf76920018f9adfd489cce7f9d2db850b40cf2;Hurto de semoviente;Sin dato;Sin dato;Sin dato;Sin dato;Sin dato;Sin dato;0ab4f50acb668cf6c443a8b7ee35c3ca0a65c2e6;Animales domésticos;Fauna;Mercancía;-1;Sin dato;Sin dato;Sin dato
145949;bee79e9bbd5bb330d8a46127863abbbb2793d626;2017-08-09 00:00:00;ae1d6ec1ce0e9d2471327837abf0ab93e83617db;00bed8a9b6c80619abc9b621e1d642d6b804b704;fa314032ba1b837f51e5230660ab8b5518ca573c;0ab4f50acb668cf6c443a8b7ee35c3ca0a65c2e6;6,32809492;-75,68099192;VERDADERO;59999996;1;00bed8a9b6c80619abc9b621e1d642d6b804b704;Volcana Guayabal;#5005;50;Finca;Doce de Octubre;ae1d6ec1ce0e9d2471327837abf0ab93e83617db;Hombre;47;Casado(a);Sin dato;Sin dato;Sin dato;Sin dato;Sin dato;Sin dato;Caminata;Sin dato;Sin dato;fa314032ba1b837f51e5230660ab8b5518ca573c;Hurto de semoviente;Arreo;Sin dato;No;No;Sin dato;Sin dato;0ab4f50acb668cf6c443a8b7ee35c3ca0a65c2e6;Animales domésticos;Fauna;Mercancía;-1;Sin dato;Sin dato;Sin dato
149823;673385149ab5a23d60f305c79da41dc286255807;2019-05-30 09:30:00;b313d2b7cfa100b9cffa6a802f737ab2c986eff7;4397036e43847034c4473af39dcb1f765603f6d2;cf6494077082b620d07b18d7c92a746d69b19863;0ab4f50acb668cf6c443a8b7ee35c3ca0a65c2e6;6,29176692;-75,62811868;VERDADERO;2500000;1;4397036e43847034c4473af39dcb1f765603f6d2;Pedregal Alto;#6013;60;Finca;Doce de Octubre;b313d2b7cfa100b9cffa6a802f737ab2c986eff7;Hombre;49;Unión marital de hecho;Sin dato;Sin dato;Sin dato;Sin dato;Sin dato;Sin dato;Caminata;Sin dato;Sin dato;cf6494077082b620d07b18d7c92a746d69b19863;Hurto de semoviente;Descuido;Sin dato;No;No;Sin dato;Sin dato;0ab4f50acb668cf6c443a8b7ee35c3ca0a65c2e6;Animales domésticos;Fauna;Mercancía;-1;Sin dato;Sin dato;Sin dato
153911;6efe1814da27458387f3a5f1cd131dc190dac07d;2020-04-09 04:30:00;fef43f6d478ba83312437856a1d974860d9dca8e;1aa1f4864548a597fb81e945b9f9f78f4bafdad7;fa314032ba1b837f51e5230660ab8b5518ca573c;0ab4f50acb668cf6c443a8b7ee35c3ca0a65c2e6;6,23042748;-75,56411899;VERDADERO;3000000;1;1aa1f4864548a597fb81e945b9f9f78f4bafdad7;Asomadera No.1;#0914;9;Finca;Buenos Aires;fef43f6d478ba83312437856a1d974860d9dca8e;Hombre;33;Soltero(a);Sin dato;Sin dato;Sin dato;Sin dato;Sin dato;Sin dato;Caminata;Sin dato;Sin dato;fa314032ba1b837f51e5230660ab8b5518ca573c;Hurto de semoviente;Arreo;Sin dato;No;No;Sin dato;Sin dato;0ab4f50acb668cf6c443a8b7ee35c3ca0a65c2e6;Animales domésticos;Fauna;Mercancía;-1;Sin dato;Sin dato;Sin dato
157121;HS_HURTO_GENERAL_2010_29599;2009-01-17 04:00:00;dcae19c295d78416963f6a735c3983692af68783;c60c9e5d80e6644a8ee0659e83bf9606e3bfdf4a;429baa1a54a03fc261ea315e9160af5906391bdb;0ab4f50acb668cf6c443a8b7ee35c3ca0a65c2e6;6,259466;-75,579777;VERDADERO;1000000;1;c60c9e5d80e6644a8ee0659e83bf9606e3bfdf4a;Nueva Villa de la Iguaná;#0725;7;Residencia;Castilla;dcae19c295d78416963f6a735c3983692af68783;Hombre;51;Unión marital de hecho;Sin dato;Sin dato;Sin dato;Sin dato;Sin dato;Sin dato;Sin dato;Sin dato;Sin dato;429baa1a54a03fc261ea315e9160af5906391bdb;Hurto de semoviente;Arreo;Sin dato;Sin dato;Sin dato;Sin dato;Sin dato;0ab4f50acb668cf6c443a8b7ee35c3ca0a65c2e6;Animales domésticos;Fauna;Mercancía;-1;Sin dato;Sin dato;Sin dato
157122;HS_HURTO_GENERAL_2013_25021;2009-01-17 04:00:00;dcae19c295d78416963f6a735c3983692af68783;c60c9e5d80e6644a8ee0659e83bf9606e3bfdf4a;429baa1a54a03fc261ea315e9160af5906391bdb;0ab4f50acb668cf6c443a8b7ee35c3ca0a65c2e6;6,259466;-75,579777;FALSO;1000000;1;c60c9e5d80e6644a8ee0659e83bf9606e3bfdf4a;Nueva Villa de la Iguaná;#0725;7;Residencia;Castilla;dcae19c295d78416963f6a735c3983692af68783;Hombre;51;Unión marital de hecho;Sin dato;Sin dato;Sin dato;Sin dato;Sin dato;Sin dato;Sin dato;Sin dato;Sin dato;429baa1a54a03fc261ea315e9160af5906391bdb;Hurto de semoviente;Arreo;Sin dato;Sin dato;Sin dato;Sin dato;Sin dato;0ab4f50acb668cf6c443a8b7ee35c3ca0a65c2e6;Animales domésticos;Fauna;Mercancía;-1;Sin dato;Sin dato;Sin dato
158644;HS_HURTO_GENERAL_2013_18927;2007-03-22 23:00:00;07ab83f0191239f2f355a666b55c3f1add2229c7;4784ef1eca4b5c8ec0bac372c3154810b337eafe;fe0fbe427c674dff113efcac6cda7a55e0565a5f;0ab4f50acb668cf6c443a8b7ee35c3ca0a65c2e6;;;FALSO;300000;1;4784ef1eca4b5c8ec0bac372c3154810b337eafe;Piedra Gorda;#9010;90;Finca;Villa Hermosa;07ab83f0191239f2f355a666b55c3f1add2229c7;Sin dato;-1;Sin dato;Sin dato;Sin dato;Sin dato;Sin dato;Sin dato;Sin dato;Sin dato;Sin dato;Sin dato;fe0fbe427c674dff113efcac6cda7a55e0565a5f;Hurto de semoviente;Abuso de confianza;Sin dato;Sin dato;Sin dato;Sin dato;Sin dato;0ab4f50acb668cf6c443a8b7ee35c3ca0a65c2e6;Animales domésticos;Fauna;Mercancía;-1;Sin dato;Sin dato;Sin dato
160922;78786b32b9d42d8ce7765564bceb06d0d73010a4;2015-02-17 08:00:00;b1bc31b271ce43a7f0c72c4a16c8cad8c0c03b0a;4df4734c97d140a6c88240e489703c7d773127e7;378cc9b0270d6db0d4b7a689c6337891e38968f4;0ab4f50acb668cf6c443a8b7ee35c3ca0a65c2e6;6,19337466;-75,66871172;VERDADERO;3800000;1;4df4734c97d140a6c88240e489703c7d773127e7;Montanita;#8003;80;Finca;San Antonio de Prado;b1bc31b271ce43a7f0c72c4a16c8cad8c0c03b0a;Hombre;45;Unión marital de hecho;Sin dato;Sin dato;Sin dato;Sin dato;Sin dato;Sin dato;Caminata;Sin dato;Sin dato;378cc9b0270d6db0d4b7a689c6337891e38968f4;Hurto de semoviente;Arreo;Sin dato;No;Arma cortopunzante;Sin dato;Sin dato;0ab4f50acb668cf6c443a8b7ee35c3ca0a65c2e6;Animales domésticos;Fauna;Mercancía;-1;Sin dato;Sin dato;Sin dato
161398;6e076e75c587a16f645b5fa9d72ca1bd6921d6d9;2015-09-20 09:00:00;06d6b5554910ba8048cb90bcf2563b316a4e049b;4397036e43847034c4473af39dcb1f765603f6d2;fa314032ba1b837f51e5230660ab8b5518ca573c;0ab4f50acb668cf6c443a8b7ee35c3ca0a65c2e6;6,2858022;-75,63916919;VERDADERO;1500000;1;4397036e43847034c4473af39dcb1f765603f6d2;Pedregal Alto;#6013;60;Finca;Doce de Octubre;06d6b5554910ba8048cb90bcf2563b316a4e049b;Hombre;68;Soltero(a);Sin dato;Sin dato;Sin dato;Sin dato;Sin dato;Sin dato;Caminata;Sin dato;Sin dato;fa314032ba1b837f51e5230660ab8b5518ca573c;Hurto de semoviente;Arreo;Sin dato;No;No;Sin dato;Sin dato;0ab4f50acb668cf6c443a8b7ee35c3ca0a65c2e6;Animales domésticos;Fauna;Mercancía;-1;Sin dato;Sin dato;Sin dato
164314;HS_HURTO_GENERAL_2013_40119;2012-11-29 22:20:00;8d44ab9edb1fd7e2df32f9ddf065b3acad719be4;23d8286691b7e06ac2ffa09160ccc182b1465fea;cea4b017ca7c19b62b091af3cae120e338f255a5;0ab4f50acb668cf6c443a8b7ee35c3ca0a65c2e6;;;VERDADERO;3000000;1;23d8286691b7e06ac2ffa09160ccc182b1465fea;Sin dato;SIN DATO;SIN DATO;Finca;Belén;8d44ab9edb1fd7e2df32f9ddf065b3acad719be4;Hombre;21;Soltero(a);Sin dato;Sin dato;Sin dato;Sin dato;Sin dato;Sin dato;Caminata;Sin dato;Sin dato;cea4b017ca7c19b62b091af3cae120e338f255a5;Hurto de semoviente;Atraco;Sin dato;No;Arma cortopunzante;Sin dato;Sin dato;0ab4f50acb668cf6c443a8b7ee35c3ca0a65c2e6;Animales domésticos;Fauna;Mercancía;-1;Sin dato;Sin dato;Sin dato
165318;814ca8454e768afa2ef94b0277e0b18eff8ddc73;2016-07-03 00:00:00;6f4114ad71d7eaec5c18fb39ea7feb206c274d9a;3fe1a888a53f6e1b49edb10d5e0664c447e706d8;cf6494077082b620d07b18d7c92a746d69b19863;3a8e703a337586d18e01c727a2885a179ee16015;6,23199434;-75,60073662;VERDADERO;3000000;1;3fe1a888a53f6e1b49edb10d5e0664c447e706d8;Belén;#1603;16;Finca;Belén;6f4114ad71d7eaec5c18fb39ea7feb206c274d9a;Hombre;78;Casado(a);Sin dato;Sin dato;Sin dato;Sin dato;Sin dato;Sin dato;Caminata;Sin dato;Sin dato;cf6494077082b620d07b18d7c92a746d69b19863;Hurto de semoviente;Descuido;Sin dato;No;No;Sin dato;Sin dato;3a8e703a337586d18e01c727a2885a179ee16015;Animales domésticos;Fauna;Mercancía;-1;Café;Sin dato;Sin dato
183882;HS_HURTO_GENERAL_2010_19154;2006-05-24 15:30:00;d3573bc25067b5ceaeac648cdedb435ac21c7223;b42cbf3eb613c1114390d5537d523ffd90614219;dfa50894ec839ca1e1ba2a05d845d3aa9ae9d94a;cdd2403abc2fbe19253a01600a49420c01503694;;;VERDADERO;1500000;1;b42cbf3eb613c1114390d5537d523ffd90614219;Travesias;#6016;60;Finca;Doce de Octubre;d3573bc25067b5ceaeac648cdedb435ac21c7223;Mujer;54;Casado(a);Sin dato;Sin dato;Sin dato;Sin dato;Sin dato;Sin dato;Sin dato;Sin dato;Sin dato;dfa50894ec839ca1e1ba2a05d845d3aa9ae9d94a;Hurto de semoviente;Atraco;Sin dato;Sin dato;Sin dato;Sin dato;Sin dato;cdd2403abc2fbe19253a01600a49420c01503694;Animales domésticos;Fauna;Mercancía;-1;Negro;Sin dato;Sin dato
183884;HS_HURTO_GENERAL_2013_16653;2006-05-24 15:30:00;d3573bc25067b5ceaeac648cdedb435ac21c7223;b42cbf3eb613c1114390d5537d523ffd90614219;dfa50894ec839ca1e1ba2a05d845d3aa9ae9d94a;cdd2403abc2fbe19253a01600a49420c01503694;;;FALSO;1500000;1;b42cbf3eb613c1114390d5537d523ffd90614219;Travesias;#6016;60;Finca;Doce de Octubre;d3573bc25067b5ceaeac648cdedb435ac21c7223;Mujer;54;Casado(a);Sin dato;Sin dato;Sin dato;Sin dato;Sin dato;Sin dato;Sin dato;Sin dato;Sin dato;dfa50894ec839ca1e1ba2a05d845d3aa9ae9d94a;Hurto de semoviente;Atraco;Sin dato;Sin dato;Sin dato;Sin dato;Sin dato;cdd2403abc2fbe19253a01600a49420c01503694;Animales domésticos;Fauna;Mercancía;-1;Negro;Sin dato;Sin dato
198916;HS_HURTO_GENERAL_2013_33219;2011-08-02 09:00:00;31b4ea67bb42e75b647333708d56c2365df1643b;37f8b61f9cd2515e610da0bbf5855ae31411bc54;14ddbf55ca54e0eb4eef60d03b2869aa888e7b27;0ab4f50acb668cf6c443a8b7ee35c3ca0a65c2e6;;;VERDADERO;27000000;1;37f8b61f9cd2515e610da0bbf5855ae31411bc54;Robledo;#0717;7;Vehículo particular;Castilla;31b4ea67bb42e75b647333708d56c2365df1643b;Hombre;33;Unión marital de hecho;Sin dato;Sin dato;Sin dato;Sin dato;Sin dato;Sin dato;Automóvil;Sin dato;Sin dato;14ddbf55ca54e0eb4eef60d03b2869aa888e7b27;Hurto de semoviente;Atraco;Sin dato;No;Arma de fuego;Sin dato;Sin dato;0ab4f50acb668cf6c443a8b7ee35c3ca0a65c2e6;Animales domésticos;Fauna;Mercancía;-1;Sin dato;Sin dato;Sin dato
199851;HS_HURTO_GENERAL_2014_4885;2014-06-20 14:00:00;5cc1939a6d05db0ea176aef154a332afd91db5cc;382cad2aaf0b534cd7c9821e69df8ef089fc663c;cf6494077082b620d07b18d7c92a746d69b19863;0ab4f50acb668cf6c443a8b7ee35c3ca0a65c2e6;6,216874;-75,579432;VERDADERO;14999999;1;382cad2aaf0b534cd7c9821e69df8ef089fc663c;Campo Amor;#1507;15;Vía pública;Belén;5cc1939a6d05db0ea176aef154a332afd91db5cc;Hombre;31;Casado(a);Sin dato;Sin dato;Sin dato;Sin dato;Sin dato;Sin dato;Automóvil;Sin dato;Sin dato;cf6494077082b620d07b18d7c92a746d69b19863;Hurto de semoviente;Descuido;Sin dato;No;No;Sin dato;Sin dato;0ab4f50acb668cf6c443a8b7ee35c3ca0a65c2e6;Animales domésticos;Fauna;Mercancía;-1;Sin dato;Sin dato;Sin dato
205293;HS_HURTO_GENERAL_2013_171;2003-01-23 11:15:00;1c785220f64c03718bc66a38af0f931bfdebd9f2;5e6f8d1ba343526db6492da6af12a52f1c5d7e98;25cf76920018f9adfd489cce7f9d2db850b40cf2;0ab4f50acb668cf6c443a8b7ee35c3ca0a65c2e6;6,309343;-75,563762;FALSO;7000000;1;5e6f8d1ba343526db6492da6af12a52f1c5d7e98;Las Brisas;#0502;5;Vía pública;Sin dato;1c785220f64c03718bc66a38af0f931bfdebd9f2;Hombre;46;Sin dato;Sin dato;Sin dato;Sin dato;Sin dato;Sin dato;Sin dato;Sin dato;Sin dato;Sin dato;25cf76920018f9adfd489cce7f9d2db850b40cf2;Hurto de semoviente;Sin dato;Sin dato;Sin dato;Sin dato;Sin dato;Sin dato;0ab4f50acb668cf6c443a8b7ee35c3ca0a65c2e6;Animales domésticos;Fauna;Mercancía;-1;Sin dato;Sin dato;Sin dato
205352;HS_HURTO_GENERAL_2013_583;2003-03-26 17:45:00;c6359ba43ef4d9a716fb2cc039e46789a995fa73;90fac94819706a7e2cd2e4259b577fe5428d9de9;25cf76920018f9adfd489cce7f9d2db850b40cf2;0ab4f50acb668cf6c443a8b7ee35c3ca0a65c2e6;;;VERDADERO;500000;1;90fac94819706a7e2cd2e4259b577fe5428d9de9;Toscana;#0501;5;Vía pública;Sin dato;c6359ba43ef4d9a716fb2cc039e46789a995fa73;Hombre;65;Sin dato;Sin dato;Sin dato;Sin dato;Sin dato;Sin dato;Sin dato;Sin dato;Sin dato;Sin dato;25cf76920018f9adfd489cce7f9d2db850b40cf2;Hurto de semoviente;Sin dato;Sin dato;Sin dato;Sin dato;Sin dato;Sin dato;0ab4f50acb668cf6c443a8b7ee35c3ca0a65c2e6;Animales domésticos;Fauna;Mercancía;-1;Sin dato;Sin dato;Sin dato
219378;HS_HURTO_GENERAL_2010_213;2003-01-23 11:15:00;7cd9a6c5595f7aa5d1e1ec2e844901419989b85d;5f44f8a59ba5d3c458437f37a8331c975db7808d;25cf76920018f9adfd489cce7f9d2db850b40cf2;0ab4f50acb668cf6c443a8b7ee35c3ca0a65c2e6;6,309343;-75,563762;VERDADERO;7000000;1;5f44f8a59ba5d3c458437f37a8331c975db7808d;Las Brisas;#0502;5;Vía pública;Castilla;7cd9a6c5595f7aa5d1e1ec2e844901419989b85d;Hombre;46;Casado(a);Sin dato;Sin dato;Sin dato;Sin dato;Sin dato;Sin dato;Sin dato;Sin dato;Sin dato;25cf76920018f9adfd489cce7f9d2db850b40cf2;Hurto de semoviente;Sin dato;Sin dato;Sin dato;Sin dato;Sin dato;Sin dato;0ab4f50acb668cf6c443a8b7ee35c3ca0a65c2e6;Animales domésticos;Fauna;Mercancía;-1;Sin dato;Sin dato;Sin dato
220268;HS_HURTO_GENERAL_2013_8319;2004-08-15 05:00:00;f12c055ba1dc2e7489a437084dec91b295949313;1f8fd77d64d5110a3e6b19b1e297c5be155f240a;25cf76920018f9adfd489cce7f9d2db850b40cf2;0ab4f50acb668cf6c443a8b7ee35c3ca0a65c2e6;6,248944;-75,543208;VERDADERO;2000000;1;1f8fd77d64d5110a3e6b19b1e297c5be155f240a;Los Mangos;#0807;8;Vía pública;Sin dato;f12c055ba1dc2e7489a437084dec91b295949313;Hombre;33;Sin dato;Sin dato;Sin dato;Sin dato;Sin dato;Sin dato;Sin dato;Sin dato;Sin dato;Sin dato;25cf76920018f9adfd489cce7f9d2db850b40cf2;Hurto de semoviente;Sin dato;Sin dato;Sin dato;Sin dato;Sin dato;Sin dato;0ab4f50acb668cf6c443a8b7ee35c3ca0a65c2e6;Animales domésticos;Fauna;Mercancía;-1;Sin dato;Sin dato;Sin dato
231912;HS_HURTO_GENERAL_2010_5317;2003-11-11 04:00:00;1ab726d3e2ef53b2ba4dbe5433a962365b2344c8;4ba18c040f5bc5deb3da858c898c1957f8bba3fb;25cf76920018f9adfd489cce7f9d2db850b40cf2;0ab4f50acb668cf6c443a8b7ee35c3ca0a65c2e6;;;VERDADERO;2000000;1;4ba18c040f5bc5deb3da858c898c1957f8bba3fb;Altavista;#1613;16;Finca;Belén;1ab726d3e2ef53b2ba4dbe5433a962365b2344c8;Hombre;36;Casado(a);Sin dato;Sin dato;Sin dato;Sin dato;Sin dato;Sin dato;Sin dato;Sin dato;Sin dato;25cf76920018f9adfd489cce7f9d2db850b40cf2;Hurto de semoviente;Sin dato;Sin dato;Sin dato;Sin dato;Sin dato;Sin dato;0ab4f50acb668cf6c443a8b7ee35c3ca0a65c2e6;Animales domésticos;Fauna;Mercancía;-1;Sin dato;Sin dato;Sin dato
233444;HS_HURTO_GENERAL_2010_16629;2005-12-08 14:30:00;cc0fab64e3601a10813002bf08610befe9a2821a;7ca87ae09d613b843aad181b39a549a468cbedf6;25cf76920018f9adfd489cce7f9d2db850b40cf2;0ab4f50acb668cf6c443a8b7ee35c3ca0a65c2e6;6,293813;-75,561028;VERDADERO;2000000;1;7ca87ae09d613b843aad181b39a549a468cbedf6;Santa Cruz;#0210;2;Vía pública;Popular;cc0fab64e3601a10813002bf08610befe9a2821a;Hombre;57;Casado(a);Sin dato;Sin dato;Sin dato;Sin dato;Sin dato;Sin dato;Sin dato;Sin dato;Sin dato;25cf76920018f9adfd489cce7f9d2db850b40cf2;Hurto de semoviente;Sin dato;Sin dato;Sin dato;Sin dato;Sin dato;Sin dato;0ab4f50acb668cf6c443a8b7ee35c3ca0a65c2e6;Animales domésticos;Fauna;Mercancía;-1;Sin dato;Sin dato;Sin dato
233450;HS_HURTO_GENERAL_2013_14576;2005-12-08 14:30:00;cc0fab64e3601a10813002bf08610befe9a2821a;7ca87ae09d613b843aad181b39a549a468cbedf6;25cf76920018f9adfd489cce7f9d2db850b40cf2;0ab4f50acb668cf6c443a8b7ee35c3ca0a65c2e6;6,293813;-75,561028;FALSO;2000000;1;7ca87ae09d613b843aad181b39a549a468cbedf6;Santa Cruz;#0210;2;Vía pública;Popular;cc0fab64e3601a10813002bf08610befe9a2821a;Hombre;57;Casado(a);Sin dato;Sin dato;Sin dato;Sin dato;Sin dato;Sin dato;Sin dato;Sin dato;Sin dato;25cf76920018f9adfd489cce7f9d2db850b40cf2;Hurto de semoviente;Sin dato;Sin dato;Sin dato;Sin dato;Sin dato;Sin dato;0ab4f50acb668cf6c443a8b7ee35c3ca0a65c2e6;Animales domésticos;Fauna;Mercancía;-1;Sin dato;Sin dato;Sin dato
243484;e74185876d71dabc4525596e48c754d9fcc1c06c;2019-02-19 11:11:00;1dbfd8ac137da72082735a6d144b40fd110507cd;e5f807dfa1b4fcf824f686d9850ebacc5194f8d2;cf6494077082b620d07b18d7c92a746d69b19863;3a8e703a337586d18e01c727a2885a179ee16015;6,17448532;-75,65532758;VERDADERO;3000000;1;e5f807dfa1b4fcf824f686d9850ebacc5194f8d2;Área de expansión San Antonio De Prado;AE7;80;Finca;San Antonio de Prado;1dbfd8ac137da72082735a6d144b40fd110507cd;Hombre;48;Soltero(a);Sin dato;Sin dato;Sin dato;Sin dato;Sin dato;Sin dato;Caminata;Sin dato;Sin dato;cf6494077082b620d07b18d7c92a746d69b19863;Hurto de semoviente;Descuido;Sin dato;No;No;Sin dato;Sin dato;3a8e703a337586d18e01c727a2885a179ee16015;Animales domésticos;Fauna;Mercancía;-1;Café;Sin dato;Sin dato
250222;HS_HURTO_GENERAL_2013_32183;2011-04-11 09:00:00;6487dc9f8774d24bce88813472ddffefac0f3d2a;7b16c1847ec37c6a9e6a688958773ac2273d8664;4cb0184ae04883cef9a5040f13f04e6a85b67e62;0ab4f50acb668cf6c443a8b7ee35c3ca0a65c2e6;;;VERDADERO;14000000;1;7b16c1847ec37c6a9e6a688958773ac2273d8664;La Ilusion;#6008;60;Finca;Doce de Octubre;6487dc9f8774d24bce88813472ddffefac0f3d2a;Sin dato;-1;Sin dato;Sin dato;Sin dato;Sin dato;Sin dato;Sin dato;Sin dato;Caminata;Sin dato;Sin dato;4cb0184ae04883cef9a5040f13f04e6a85b67e62;Hurto de semoviente;Atraco;Sin dato;Sin dato;Arma de fuego;Sin dato;Sin dato;0ab4f50acb668cf6c443a8b7ee35c3ca0a65c2e6;Animales domésticos;Fauna;Mercancía;-1;Sin dato;Sin dato;Sin dato
250623;51972e12fb21de0bfc32c63f782526a6794e3ba0;2020-03-01 14:30:00;b53e97d45dc8bb1602bad127f491ecef9705ea4a;0a9f0f2574cd99e8f746bd2aa9fad86d260ec6b1;fa314032ba1b837f51e5230660ab8b5518ca573c;3a8e703a337586d18e01c727a2885a179ee16015;6,27865032;-75,63359336;VERDADERO;80000000;1;0a9f0f2574cd99e8f746bd2aa9fad86d260ec6b1;Área Urbana Cgto. San Cristóbal;#AUC1;60;Vía pública;Doce de Octubre;b53e97d45dc8bb1602bad127f491ecef9705ea4a;Hombre;32;Soltero(a);Sin dato;Sin dato;Sin dato;Sin dato;Sin dato;Sin dato;Caminata;Sin dato;Sin dato;fa314032ba1b837f51e5230660ab8b5518ca573c;Hurto de semoviente;Arreo;Sin dato;No;No;Sin dato;Sin dato;3a8e703a337586d18e01c727a2885a179ee16015;Animales domésticos;Fauna;Mercancía;-1;Café;Sin dato;Sin dato
253567;HS_HURTO_GENERAL_2013_44794;2013-09-02 19:00:00;6487dc9f8774d24bce88813472ddffefac0f3d2a;2d832060c04444c585f6fe59169694a56073cf2f;cf6494077082b620d07b18d7c92a746d69b19863;0ab4f50acb668cf6c443a8b7ee35c3ca0a65c2e6;;;VERDADERO;1500000;1;2d832060c04444c585f6fe59169694a56073cf2f;V. El Salado;#8006;80;Finca;Belén;6487dc9f8774d24bce88813472ddffefac0f3d2a;Sin dato;-1;Sin dato;Sin dato;Sin dato;Sin dato;Sin dato;Sin dato;Sin dato;Caminata;Sin dato;Sin dato;cf6494077082b620d07b18d7c92a746d69b19863;Hurto de semoviente;Descuido;Sin dato;No;No;Sin dato;Sin dato;0ab4f50acb668cf6c443a8b7ee35c3ca0a65c2e6;Animales domésticos;Fauna;Mercancía;-1;Sin dato;Sin dato;Sin dato
254160;HS_HURTO_GENERAL_2014_161;2014-01-06 18:40:00;61e5fd845f6d86f879d093a474e95fed27f1b393;64ece2d3e64e0771614e8e32796c211b73d581da;79cc16a96556ccc2c917604592f3b44fe7a80233;3a8e703a337586d18e01c727a2885a179ee16015;6,221477;-75,527445;VERDADERO;2000000;1;64ece2d3e64e0771614e8e32796c211b73d581da;Las Palmas S.E.;#9001;90;Vía pública;Buenos Aires;61e5fd845f6d86f879d093a474e95fed27f1b393;Hombre;62;Casado(a);Sin dato;Sin dato;Sin dato;Sin dato;Sin dato;Sin dato;Caminata;Sin dato;Sin dato;79cc16a96556ccc2c917604592f3b44fe7a80233;Hurto de semoviente;Descuido;Sin dato;Sin dato;No;Sin dato;Sin dato;3a8e703a337586d18e01c727a2885a179ee16015;Animales domésticos;Fauna;Mercancía;-1;Café;Sin dato;Sin dato
274062;HS_HURTO_GENERAL_2013_43068;2013-05-18 15:30:00;b768f0b09c8bf1f1e5af19b678df453cb80a97f8;fa59c984d022f0c6d3cb5b76cc08049676ca641d;fa314032ba1b837f51e5230660ab8b5518ca573c;0ab4f50acb668cf6c443a8b7ee35c3ca0a65c2e6;;;VERDADERO;2000000;1;fa59c984d022f0c6d3cb5b76cc08049676ca641d;Santo Domingo Savio No.2;#0102;1;Finca;Popular;b768f0b09c8bf1f1e5af19b678df453cb80a97f8;Hombre;28;Casado(a);Sin dato;Sin dato;Sin dato;Sin dato;Sin dato;Sin dato;Caminata;Sin dato;Sin dato;fa314032ba1b837f51e5230660ab8b5518ca573c;Hurto de semoviente;Arreo;Sin dato;No;No;Sin dato;Sin dato;0ab4f50acb668cf6c443a8b7ee35c3ca0a65c2e6;Animales domésticos;Fauna;Mercancía;-1;Sin dato;Sin dato;Sin dato
284253;HS_HURTO_GENERAL_2010_7025;2004-02-14 06:00:00;6ca6f21b883a9da86d66d738e32e38c0bd95969e;d87eceb8163d1db3df95819809f8517b148e9975;25cf76920018f9adfd489cce7f9d2db850b40cf2;0ab4f50acb668cf6c443a8b7ee35c3ca0a65c2e6;6,204354;-75,551633;VERDADERO;7199999,5;1;d87eceb8163d1db3df95819809f8517b148e9975;El Tesoro;#1409;14;Finca;Poblado;6ca6f21b883a9da86d66d738e32e38c0bd95969e;Hombre;40;Casado(a);Sin dato;Sin dato;Sin dato;Sin dato;Sin dato;Sin dato;Sin dato;Sin dato;Sin dato;25cf76920018f9adfd489cce7f9d2db850b40cf2;Hurto de semoviente;Sin dato;Sin dato;Sin dato;Sin dato;Sin dato;Sin dato;0ab4f50acb668cf6c443a8b7ee35c3ca0a65c2e6;Animales domésticos;Fauna;Mercancía;-1;Sin dato;Sin dato;Sin dato
287658;eeb0b2b7e11090ba29cd0a285e8d8f49edf7b3f8;2020-12-01 20:00:00;efc3cd1f085b0980222f0eaf51fe1a2f2428ad93;b39a5f50da54954afdd6ec1a6c2a220274bfd219;cf6494077082b620d07b18d7c92a746d69b19863;3a8e703a337586d18e01c727a2885a179ee16015;6,30772461;-75,5851002;VERDADERO;700000;1;b39a5f50da54954afdd6ec1a6c2a220274bfd219;El Triunfo;#0612;6;Potrero;Doce de Octubre;efc3cd1f085b0980222f0eaf51fe1a2f2428ad93;Hombre;75;Unión marital de hecho;Sin dato;Sin dato;Sin dato;Sin dato;Sin dato;Sin dato;Caminata;Sin dato;Sin dato;cf6494077082b620d07b18d7c92a746d69b19863;Hurto de semoviente;Descuido;Sin dato;No;No;Sin dato;Sin dato;3a8e703a337586d18e01c727a2885a179ee16015;Animales domésticos;Fauna;Mercancía;-1;Café;Sin dato;Sin dato
289369;HS_HURTO_GENERAL_2010_21962;2007-03-22 23:00:00;07ab83f0191239f2f355a666b55c3f1add2229c7;4784ef1eca4b5c8ec0bac372c3154810b337eafe;fe0fbe427c674dff113efcac6cda7a55e0565a5f;0ab4f50acb668cf6c443a8b7ee35c3ca0a65c2e6;;;VERDADERO;300000;1;4784ef1eca4b5c8ec0bac372c3154810b337eafe;Piedra Gorda;#9010;90;Finca;Villa Hermosa;07ab83f0191239f2f355a666b55c3f1add2229c7;Sin dato;-1;Sin dato;Sin dato;Sin dato;Sin dato;Sin dato;Sin dato;Sin dato;Sin dato;Sin dato;Sin dato;fe0fbe427c674dff113efcac6cda7a55e0565a5f;Hurto de semoviente;Abuso de confianza;Sin dato;Sin dato;Sin dato;Sin dato;Sin dato;0ab4f50acb668cf6c443a8b7ee35c3ca0a65c2e6;Animales domésticos;Fauna;Mercancía;-1;Sin dato;Sin dato;Sin dato
291519;HS_HURTO_GENERAL_2010_35695;2010-08-26 15:00:00;b968b528b74e29cc768bf9cbe30373e6fcdbec7f;5969293b944e1f4b3a588b555a5c0d6c0129ce6d;4cb0184ae04883cef9a5040f13f04e6a85b67e62;3a8e703a337586d18e01c727a2885a179ee16015;;;VERDADERO;8000000;1;5969293b944e1f4b3a588b555a5c0d6c0129ce6d;La Rosa;#0211;2;Vía pública;Santa Cruz;b968b528b74e29cc768bf9cbe30373e6fcdbec7f;Hombre;36;Soltero(a);Sin dato;Sin dato;Sin dato;Sin dato;Sin dato;Sin dato;Caminata;Sin dato;Sin dato;4cb0184ae04883cef9a5040f13f04e6a85b67e62;Hurto de semoviente;Atraco;Sin dato;Sin dato;Arma de fuego;Sin dato;Sin dato;3a8e703a337586d18e01c727a2885a179ee16015;Animales domésticos;Fauna;Mercancía;-1;Café;Sin dato;Sin dato
291520;HS_HURTO_GENERAL_2013_30022;2010-08-26 15:00:00;b968b528b74e29cc768bf9cbe30373e6fcdbec7f;5969293b944e1f4b3a588b555a5c0d6c0129ce6d;4cb0184ae04883cef9a5040f13f04e6a85b67e62;3a8e703a337586d18e01c727a2885a179ee16015;;;FALSO;8000000;1;5969293b944e1f4b3a588b555a5c0d6c0129ce6d;La Rosa;#0211;2;Vía pública;Santa Cruz;b968b528b74e29cc768bf9cbe30373e6fcdbec7f;Hombre;36;Soltero(a);Sin dato;Sin dato;Sin dato;Sin dato;Sin dato;Sin dato;Caminata;Sin dato;Sin dato;4cb0184ae04883cef9a5040f13f04e6a85b67e62;Hurto de semoviente;Atraco;Sin dato;Sin dato;Arma de fuego;Sin dato;Sin dato;3a8e703a337586d18e01c727a2885a179ee16015;Animales domésticos;Fauna;Mercancía;-1;Café;Sin dato;Sin dato
301725;f56cf0675b9a9662beba469502958094510143da;2018-03-17 12:00:00;af4c6040c5e3e0676a7da5454224a82ef333800c;d7b90280f0b7c0a00a37a14181fd415fddf14719;c7e9b3de9701f5d074e0895f06b836023fe0f144;0ab4f50acb668cf6c443a8b7ee35c3ca0a65c2e6;6,25666436;-75,61385363;FALSO;1700000;1;d7b90280f0b7c0a00a37a14181fd415fddf14719;San Javier No.1;#1309;13;Vía pública;San Javier;af4c6040c5e3e0676a7da5454224a82ef333800c;Hombre;63;Unión marital de hecho;Sin dato;Sin dato;Sin dato;Sin dato;Sin dato;Sin dato;Caminata;Sin dato;Sin dato;c7e9b3de9701f5d074e0895f06b836023fe0f144;Hurto de semoviente;Arreo;Sin dato;Sin dato;No;Sin dato;Sin dato;0ab4f50acb668cf6c443a8b7ee35c3ca0a65c2e6;Animales domésticos;Fauna;Mercancía;-1;Sin dato;Sin dato;Sin dato
301749;3669260751129be1691e64c31870506454bebe42;2018-03-17 12:00:00;af4c6040c5e3e0676a7da5454224a82ef333800c;d7b90280f0b7c0a00a37a14181fd415fddf14719;c7e9b3de9701f5d074e0895f06b836023fe0f144;0ab4f50acb668cf6c443a8b7ee35c3ca0a65c2e6;6,25666436;-75,61385363;VERDADERO;2000000;1;d7b90280f0b7c0a00a37a14181fd415fddf14719;San Javier No.1;#1309;13;Vía pública;San Javier;af4c6040c5e3e0676a7da5454224a82ef333800c;Hombre;63;Unión marital de hecho;Sin dato;Sin dato;Sin dato;Sin dato;Sin dato;Sin dato;Caminata;Sin dato;Sin dato;c7e9b3de9701f5d074e0895f06b836023fe0f144;Hurto de semoviente;Arreo;Sin dato;Sin dato;No;Sin dato;Sin dato;0ab4f50acb668cf6c443a8b7ee35c3ca0a65c2e6;Animales domésticos;Fauna;Mercancía;-1;Sin dato;Sin dato;Sin dato
316237;08764882289e3947a4c22b33328f4712b0c20729;2017-10-10 21:00:00;c56967e91f21da33814cc626c4b6354844fc8f9a;0b565920d8933724977014a1b29b47fdc3b72a77;d852fb703a17142dc115367cbd161c9594fcb76d;0ab4f50acb668cf6c443a8b7ee35c3ca0a65c2e6;6,19004343;-75,66067885;VERDADERO;4000000;1;0b565920d8933724977014a1b29b47fdc3b72a77;Potrerito;#8002;80;Finca;San Antonio de Prado;c56967e91f21da33814cc626c4b6354844fc8f9a;Hombre;42;Soltero(a);Sin dato;Sin dato;Sin dato;Sin dato;Sin dato;Sin dato;Caminata;Sin dato;Sin dato;d852fb703a17142dc115367cbd161c9594fcb76d;Hurto de semoviente;Desvalijar o descuartizar;Sin dato;No;Arma cortopunzante;Sin dato;Sin dato;0ab4f50acb668cf6c443a8b7ee35c3ca0a65c2e6;Animales domésticos;Fauna;Mercancía;-1;Sin dato;Sin dato;Sin dato
320140;HS_HURTO_GENERAL_2013_16552;2006-05-17 00:00:00;0886e61d3834758b4ccba5dcac38b6a48ed037a9;c13e00da5e293e8737c98e1866d7884ae2615254;eaacba87b3e029abdb58e4214b44ccc315fd2de2;0ab4f50acb668cf6c443a8b7ee35c3ca0a65c2e6;;;FALSO;1200000;1;c13e00da5e293e8737c98e1866d7884ae2615254;Las Violetas;#1616;16;Vía pública;Belén;0886e61d3834758b4ccba5dcac38b6a48ed037a9;Hombre;44;Soltero(a);Sin dato;Sin dato;Sin dato;Sin dato;Sin dato;Sin dato;Sin dato;Sin dato;Sin dato;eaacba87b3e029abdb58e4214b44ccc315fd2de2;Hurto de semoviente;Descuido;Sin dato;Sin dato;Sin dato;Sin dato;Sin dato;0ab4f50acb668cf6c443a8b7ee35c3ca0a65c2e6;Animales domésticos;Fauna;Mercancía;-1;Sin dato;Sin dato;Sin dato
332165;985ef419572e9cc065879d9fb147af8e85807dd7;2019-07-31 00:00:00;0a2ad9f04d82813cb2193b2bdcac1a3ee09c9869;fcefc429c14a22b38ce1bb1e89ce22895701d2d1;d852fb703a17142dc115367cbd161c9594fcb76d;0ab4f50acb668cf6c443a8b7ee35c3ca0a65c2e6;6,35313298;-75,69555666;VERDADERO;5000000;1;fcefc429c14a22b38ce1bb1e89ce22895701d2d1;Potrera Miserenga;#5008;50;Finca;Doce de Octubre;0a2ad9f04d82813cb2193b2bdcac1a3ee09c9869;Mujer;49;Casado(a);Sin dato;Sin dato;Sin dato;Sin dato;Sin dato;Sin dato;Caminata;Sin dato;Sin dato;d852fb703a17142dc115367cbd161c9594fcb76d;Hurto de semoviente;Desvalijar o descuartizar;Sin dato;No;Arma cortopunzante;Sin dato;Sin dato;0ab4f50acb668cf6c443a8b7ee35c3ca0a65c2e6;Animales domésticos;Fauna;Mercancía;-1;Sin dato;Sin dato;Sin dato
334652;HS_HURTO_GENERAL_2010_10744;2004-11-16 02:00:00;770cca776e01119033c796e9327e2a91918c9a65;b0d64a6fe1d6a3628e384e260a0cbc5041aecfb7;eaacba87b3e029abdb58e4214b44ccc315fd2de2;0ab4f50acb668cf6c443a8b7ee35c3ca0a65c2e6;;;VERDADERO;899999,9375;1;b0d64a6fe1d6a3628e384e260a0cbc5041aecfb7;Robledo;#0717;7;Finca;Castilla;770cca776e01119033c796e9327e2a91918c9a65;Hombre;47;Unión marital de hecho;Sin dato;Sin dato;Sin dato;Sin dato;Sin dato;Sin dato;Sin dato;Sin dato;Sin dato;eaacba87b3e029abdb58e4214b44ccc315fd2de2;Hurto de semoviente;Descuido;Sin dato;Sin dato;Sin dato;Sin dato;Sin dato;0ab4f50acb668cf6c443a8b7ee35c3ca0a65c2e6;Animales domésticos;Fauna;Mercancía;-1;Sin dato;Sin dato;Sin dato
343915;30d50ea35043794fb0883c7b83b2fe12b76a9e69;2018-03-11 10:00:00;5ad7132aaabd6c5432be4cd0e98a5d4b511ee51d;823edc9a63586f54f8590cf65022bcd11f855ed0;fa314032ba1b837f51e5230660ab8b5518ca573c;0ab4f50acb668cf6c443a8b7ee35c3ca0a65c2e6;6,27549029;-75,63907444;VERDADERO;2000000;1;823edc9a63586f54f8590cf65022bcd11f855ed0;La Palma S.C.;#6001;60;Finca;Doce de Octubre;5ad7132aaabd6c5432be4cd0e98a5d4b511ee51d;Hombre;51;Casado(a);Sin dato;Sin dato;Sin dato;Sin dato;Sin dato;Sin dato;Caminata;Sin dato;Sin dato;fa314032ba1b837f51e5230660ab8b5518ca573c;Hurto de semoviente;Arreo;Sin dato;No;No;Sin dato;Sin dato;0ab4f50acb668cf6c443a8b7ee35c3ca0a65c2e6;Animales domésticos;Fauna;Mercancía;-1;Sin dato;Sin dato;Sin dato
356274;HS_HURTO_GENERAL_2010_30480;2009-03-17 10:00:00;ad8005d09860800b6d6092636f53b28b28c433f5;6fb2d0e25dd528aedf46cee7e82c97c23db9357b;429baa1a54a03fc261ea315e9160af5906391bdb;3a8e703a337586d18e01c727a2885a179ee16015;;;FALSO;18000000;1;6fb2d0e25dd528aedf46cee7e82c97c23db9357b;V. El Salado;#8006;80;Finca;Itagüí;ad8005d09860800b6d6092636f53b28b28c433f5;Mujer;50;Casado(a);Sin dato;Sin dato;Sin dato;Sin dato;Sin dato;Sin dato;Caminata;Sin dato;Sin dato;429baa1a54a03fc261ea315e9160af5906391bdb;Hurto de semoviente;Arreo;Sin dato;Sin dato;Sin dato;Sin dato;Sin dato;3a8e703a337586d18e01c727a2885a179ee16015;Animales domésticos;Fauna;Mercancía;-1;Café;Sin dato;Sin dato
356275;HS_HURTO_GENERAL_2010_30481;2009-03-17 10:00:00;4e191dc0a73b16df9c74b2d1c538ed3142e37b73;6fb2d0e25dd528aedf46cee7e82c97c23db9357b;fe0fbe427c674dff113efcac6cda7a55e0565a5f;0ab4f50acb668cf6c443a8b7ee35c3ca0a65c2e6;;;FALSO;3000000;1;6fb2d0e25dd528aedf46cee7e82c97c23db9357b;V. El Salado;#8006;80;Finca;Itagüí;4e191dc0a73b16df9c74b2d1c538ed3142e37b73;Hombre;75;Casado(a);Sin dato;Sin dato;Sin dato;Sin dato;Sin dato;Sin dato;Caminata;Sin dato;Sin dato;fe0fbe427c674dff113efcac6cda7a55e0565a5f;Hurto de semoviente;Abuso de confianza;Sin dato;Sin dato;Sin dato;Sin dato;Sin dato;0ab4f50acb668cf6c443a8b7ee35c3ca0a65c2e6;Animales domésticos;Fauna;Mercancía;-1;Sin dato;Sin dato;Sin dato
356277;HS_HURTO_GENERAL_2010_30476;2009-03-17 10:00:00;ad8005d09860800b6d6092636f53b28b28c433f5;6fb2d0e25dd528aedf46cee7e82c97c23db9357b;429baa1a54a03fc261ea315e9160af5906391bdb;3a8e703a337586d18e01c727a2885a179ee16015;;;VERDADERO;2000000;1;6fb2d0e25dd528aedf46cee7e82c97c23db9357b;V. El Salado;#8006;80;Finca;Itagüí;ad8005d09860800b6d6092636f53b28b28c433f5;Mujer;50;Casado(a);Sin dato;Sin dato;Sin dato;Sin dato;Sin dato;Sin dato;Caminata;Sin dato;Sin dato;429baa1a54a03fc261ea315e9160af5906391bdb;Hurto de semoviente;Arreo;Sin dato;Sin dato;Sin dato;Sin dato;Sin dato;3a8e703a337586d18e01c727a2885a179ee16015;Animales domésticos;Fauna;Mercancía;-1;Café;Sin dato;Sin dato
362399;cc3477c34c68c8fd8b96b78cb52ef3ef3ccdcf48;2018-06-02 00:00:00;339155152ec42b825e1232a6513166f3534cc8d5;c9ac2aa9bb65e95aca49ff68076a76e72043795b;eaacba87b3e029abdb58e4214b44ccc315fd2de2;0ab4f50acb668cf6c443a8b7ee35c3ca0a65c2e6;6,27968677;-75,59642464;VERDADERO;1200000;1;c9ac2aa9bb65e95aca49ff68076a76e72043795b;Palenque;#0716;7;Vía pública;Castilla;339155152ec42b825e1232a6513166f3534cc8d5;Hombre;64;Divorciado(a);Sin dato;Sin dato;Sin dato;Sin dato;Sin dato;Sin dato;Caminata;Sin dato;Sin dato;eaacba87b3e029abdb58e4214b44ccc315fd2de2;Hurto de semoviente;Descuido;Sin dato;Sin dato;Sin dato;Sin dato;Sin dato;0ab4f50acb668cf6c443a8b7ee35c3ca0a65c2e6;Animales domésticos;Fauna;Mercancía;-1;Sin dato;Sin dato;Sin dato
369244;HS_HURTO_GENERAL_2014_8299;2014-10-02 18:30:00;d4d8be423bd98f032a604ec9d9c6fc4a7c452f32;e28c3a2087fe67689cc2cc0786b3825e840b1d37;14ddbf55ca54e0eb4eef60d03b2869aa888e7b27;0ab4f50acb668cf6c443a8b7ee35c3ca0a65c2e6;6,252146;-75,686969;VERDADERO;2000000;1;e28c3a2087fe67689cc2cc0786b3825e840b1d37;El Astillero;#8005;80;Finca;San Antonio de Prado;d4d8be423bd98f032a604ec9d9c6fc4a7c452f32;Hombre;60;Unión marital de hecho;Sin dato;Sin dato;Sin dato;Sin dato;Sin dato;Sin dato;Caminata;Sin dato;Sin dato;14ddbf55ca54e0eb4eef60d03b2869aa888e7b27;Hurto de semoviente;Atraco;Sin dato;No;Arma de fuego;Sin dato;Sin dato;0ab4f50acb668cf6c443a8b7ee35c3ca0a65c2e6;Animales domésticos;Fauna;Mercancía;-1;Sin dato;Sin dato;Sin dato
374076;1f53ff6254e8d6430b611dc13e2940209cf178da;2017-05-03 01:00:00;8c9898ab5e132ff44399d11c231bb139cec91e22;5bd6260172b8bee3e9896aaa3abea887d7576c66;cf6494077082b620d07b18d7c92a746d69b19863;0ab4f50acb668cf6c443a8b7ee35c3ca0a65c2e6;6,28076857;-75,61572041;VERDADERO;6000000;1;5bd6260172b8bee3e9896aaa3abea887d7576c66;Área de expansión Pajarito;#AE1;60;Potrero;Doce de Octubre;8c9898ab5e132ff44399d11c231bb139cec91e22;Hombre;48;Unión marital de hecho;Sin dato;Sin dato;Sin dato;Sin dato;Sin dato;Sin dato;Caminata;Sin dato;Sin dato;cf6494077082b620d07b18d7c92a746d69b19863;Hurto de semoviente;Descuido;Sin dato;No;No;Sin dato;Sin dato;0ab4f50acb668cf6c443a8b7ee35c3ca0a65c2e6;Animales domésticos;Fauna;Mercancía;-1;Sin dato;Sin dato;Sin dato
378988;HS_HURTO_GENERAL_2010_717;2003-03-26 17:45:00;9a9c58e3dd81f5a2de65159bfde4daa5498639b4;9552a11f7a40639863e437ffa994cbca7efba8a3;eaacba87b3e029abdb58e4214b44ccc315fd2de2;0ab4f50acb668cf6c443a8b7ee35c3ca0a65c2e6;;;VERDADERO;500000;1;9552a11f7a40639863e437ffa994cbca7efba8a3;Toscana;#0501;5;Vía pública;Castilla;9a9c58e3dd81f5a2de65159bfde4daa5498639b4;Hombre;65;Casado(a);Sin dato;Sin dato;Sin dato;Sin dato;Sin dato;Sin dato;Sin dato;Sin dato;Sin dato;eaacba87b3e029abdb58e4214b44ccc315fd2de2;Hurto de semoviente;Descuido;Sin dato;Sin dato;Sin dato;Sin dato;Sin dato;0ab4f50acb668cf6c443a8b7ee35c3ca0a65c2e6;Animales domésticos;Fauna;Mercancía;-1;Sin dato;Sin dato;Sin dato
379477;HS_HURTO_GENERAL_2013_25681;2009-03-17 10:00:00;4e191dc0a73b16df9c74b2d1c538ed3142e37b73;2d832060c04444c585f6fe59169694a56073cf2f;fe0fbe427c674dff113efcac6cda7a55e0565a5f;0ab4f50acb668cf6c443a8b7ee35c3ca0a65c2e6;;;FALSO;3000000;1;2d832060c04444c585f6fe59169694a56073cf2f;V. El Salado;#8006;80;Finca;Belén;4e191dc0a73b16df9c74b2d1c538ed3142e37b73;Hombre;75;Casado(a);Sin dato;Sin dato;Sin dato;Sin dato;Sin dato;Sin dato;Caminata;Sin dato;Sin dato;fe0fbe427c674dff113efcac6cda7a55e0565a5f;Hurto de semoviente;Abuso de confianza;Sin dato;Sin dato;Sin dato;Sin dato;Sin dato;0ab4f50acb668cf6c443a8b7ee35c3ca0a65c2e6;Animales domésticos;Fauna;Mercancía;-1;Sin dato;Sin dato;Sin dato
379478;HS_HURTO_GENERAL_2013_25682;2009-03-17 10:00:00;ad8005d09860800b6d6092636f53b28b28c433f5;2d832060c04444c585f6fe59169694a56073cf2f;429baa1a54a03fc261ea315e9160af5906391bdb;3a8e703a337586d18e01c727a2885a179ee16015;;;FALSO;2000000;1;2d832060c04444c585f6fe59169694a56073cf2f;V. El Salado;#8006;80;Finca;Belén;ad8005d09860800b6d6092636f53b28b28c433f5;Mujer;50;Casado(a);Sin dato;Sin dato;Sin dato;Sin dato;Sin dato;Sin dato;Caminata;Sin dato;Sin dato;429baa1a54a03fc261ea315e9160af5906391bdb;Hurto de semoviente;Arreo;Sin dato;Sin dato;Sin dato;Sin dato;Sin dato;3a8e703a337586d18e01c727a2885a179ee16015;Animales domésticos;Fauna;Mercancía;-1;Café;Sin dato;Sin dato
379479;HS_HURTO_GENERAL_2013_25683;2009-03-17 10:00:00;ad8005d09860800b6d6092636f53b28b28c433f5;2d832060c04444c585f6fe59169694a56073cf2f;429baa1a54a03fc261ea315e9160af5906391bdb;3a8e703a337586d18e01c727a2885a179ee16015;;;FALSO;18000000;1;2d832060c04444c585f6fe59169694a56073cf2f;V. El Salado;#8006;80;Finca;Belén;ad8005d09860800b6d6092636f53b28b28c433f5;Mujer;50;Casado(a);Sin dato;Sin dato;Sin dato;Sin dato;Sin dato;Sin dato;Caminata;Sin dato;Sin dato;429baa1a54a03fc261ea315e9160af5906391bdb;Hurto de semoviente;Arreo;Sin dato;Sin dato;Sin dato;Sin dato;Sin dato;3a8e703a337586d18e01c727a2885a179ee16015;Animales domésticos;Fauna;Mercancía;-1;Café;Sin dato;Sin dato
389460;7d8e08e667feb54f5f441b3b6978c5e3912092ba;2018-11-28 19:30:00;255af87470f66839d91fee8a8d5e3999ae5c03bf;8f1c7fc5fd6988eacc2e07a38ac34f915810cd8d;cf6494077082b620d07b18d7c92a746d69b19863;cdd2403abc2fbe19253a01600a49420c01503694;6,31622015;-75,65726908;VERDADERO;3000000;1;8f1c7fc5fd6988eacc2e07a38ac34f915810cd8d;Boqueron;#6006;60;Finca;Doce de Octubre;255af87470f66839d91fee8a8d5e3999ae5c03bf;Hombre;30;Unión marital de hecho;Sin dato;Sin dato;Sin dato;Sin dato;Sin dato;Sin dato;Automóvil;Sin dato;Sin dato;cf6494077082b620d07b18d7c92a746d69b19863;Hurto de semoviente;Descuido;Sin dato;No;No;Sin dato;Sin dato;cdd2403abc2fbe19253a01600a49420c01503694;Animales domésticos;Fauna;Mercancía;-1;Negro;Sin dato;Sin dato
401889;HS_HURTO_GENERAL_2010_27743;2008-09-22 16:30:00;65fcf928a6ccbc2e7e13d28e5584d72f0bda004d;96a1a883d7739a36c899c179530b70a4e9942866;429baa1a54a03fc261ea315e9160af5906391bdb;0ab4f50acb668cf6c443a8b7ee35c3ca0a65c2e6;;;VERDADERO;6000000;1;96a1a883d7739a36c899c179530b70a4e9942866;Sin dato 13 San Javier;SIN DATO 13 SAN JAVIER;13;Vía pública;Doce de Octubre;65fcf928a6ccbc2e7e13d28e5584d72f0bda004d;Hombre;47;Soltero(a);Sin dato;Sin dato;Sin dato;Sin dato;Sin dato;Sin dato;Caminata;Sin dato;Sin dato;429baa1a54a03fc261ea315e9160af5906391bdb;Hurto de semoviente;Arreo;Sin dato;Sin dato;Sin dato;Sin dato;Sin dato;0ab4f50acb668cf6c443a8b7ee35c3ca0a65c2e6;Animales domésticos;Fauna;Mercancía;-1;Sin dato;Sin dato;Sin dato
401891;HS_HURTO_GENERAL_2013_23643;2008-09-22 16:30:00;65fcf928a6ccbc2e7e13d28e5584d72f0bda004d;96a1a883d7739a36c899c179530b70a4e9942866;429baa1a54a03fc261ea315e9160af5906391bdb;0ab4f50acb668cf6c443a8b7ee35c3ca0a65c2e6;;;FALSO;6000000;1;96a1a883d7739a36c899c179530b70a4e9942866;Sin dato 13 San Javier;SIN DATO 13 SAN JAVIER;13;Vía pública;Doce de Octubre;65fcf928a6ccbc2e7e13d28e5584d72f0bda004d;Hombre;47;Soltero(a);Sin dato;Sin dato;Sin dato;Sin dato;Sin dato;Sin dato;Caminata;Sin dato;Sin dato;429baa1a54a03fc261ea315e9160af5906391bdb;Hurto de semoviente;Arreo;Sin dato;Sin dato;Sin dato;Sin dato;Sin dato;0ab4f50acb668cf6c443a8b7ee35c3ca0a65c2e6;Animales domésticos;Fauna;Mercancía;-1;Sin dato;Sin dato;Sin dato
402160;HS_HURTO_GENERAL_2013_14097;2005-11-15 20:10:00;c770a908eab576a303134aaf20585503261e8a37;d6e1b95cfc4bb5da3fc7004caf3e9aac0c48e4ec;25cf76920018f9adfd489cce7f9d2db850b40cf2;0ab4f50acb668cf6c443a8b7ee35c3ca0a65c2e6;;;FALSO;10800000;1;d6e1b95cfc4bb5da3fc7004caf3e9aac0c48e4ec;Sin dato;SIN DATO;SIN DATO;Vía pública;Doce de Octubre;c770a908eab576a303134aaf20585503261e8a37;Hombre;35;Casado(a);Sin dato;Sin dato;Sin dato;Sin dato;Sin dato;Sin dato;Automóvil;Sin dato;Sin dato;25cf76920018f9adfd489cce7f9d2db850b40cf2;Hurto de semoviente;Sin dato;Sin dato;Sin dato;Sin dato;Sin dato;Sin dato;0ab4f50acb668cf6c443a8b7ee35c3ca0a65c2e6;Animales domésticos;Fauna;Mercancía;-1;Sin dato;Sin dato;Sin dato
402547;HS_HURTO_GENERAL_2010_30941;2009-04-28 02:00:00;8a35a56ffa54f435571bf3fbb0e5f6f98476d682;27cd3c1ad7ae9fa2d9deb901326174dbcbc7dda8;4cb0184ae04883cef9a5040f13f04e6a85b67e62;0ab4f50acb668cf6c443a8b7ee35c3ca0a65c2e6;;;VERDADERO;24000000;1;27cd3c1ad7ae9fa2d9deb901326174dbcbc7dda8;Sin dato;SIN DATO;SIN DATO;Vía pública;Itagüí;8a35a56ffa54f435571bf3fbb0e5f6f98476d682;Sin dato;-1;Sin dato;Sin dato;Sin dato;Sin dato;Sin dato;Sin dato;Sin dato;Automóvil;Sin dato;Sin dato;4cb0184ae04883cef9a5040f13f04e6a85b67e62;Hurto de semoviente;Atraco;Sin dato;Sin dato;Arma de fuego;Sin dato;Sin dato;0ab4f50acb668cf6c443a8b7ee35c3ca0a65c2e6;Animales domésticos;Fauna;Mercancía;-1;Sin dato;Sin dato;Sin dato
405457;HS_HURTO_GENERAL_2014_8889;2014-10-26 18:00:00;9fcf80dd0ca227c1855e401bf6d9d42558ca7bce;b42cbf3eb613c1114390d5537d523ffd90614219;fa314032ba1b837f51e5230660ab8b5518ca573c;0ab4f50acb668cf6c443a8b7ee35c3ca0a65c2e6;6,284783;-75,641324;VERDADERO;12000000;1;b42cbf3eb613c1114390d5537d523ffd90614219;Travesias;#6016;60;Finca;Doce de Octubre;9fcf80dd0ca227c1855e401bf6d9d42558ca7bce;Hombre;66;Casado(a);Sin dato;Sin dato;Sin dato;Sin dato;Sin dato;Sin dato;Caminata;Sin dato;Sin dato;fa314032ba1b837f51e5230660ab8b5518ca573c;Hurto de semoviente;Arreo;Sin dato;No;No;Sin dato;Sin dato;0ab4f50acb668cf6c443a8b7ee35c3ca0a65c2e6;Animales domésticos;Fauna;Mercancía;-1;Sin dato;Sin dato;Sin dato
417427;HS_HURTO_GENERAL_2013_38752;2012-08-12 17:00:00;07b364b6070d3d58ca6690e00ca216104c132ec3;c6c0027dd5bb20380c9c84199faa25e093fe70a3;79cc16a96556ccc2c917604592f3b44fe7a80233;4ae8b814fab138d9032654fdc7d5f2ef29519810;6,231025;-75,546077;VERDADERO;9000000;1;c6c0027dd5bb20380c9c84199faa25e093fe70a3;Bomboná No.2;#0903;9;Vía pública;Poblado;07b364b6070d3d58ca6690e00ca216104c132ec3;Hombre;56;Sin dato;Sin dato;Sin dato;Sin dato;Sin dato;Sin dato;Sin dato;Caminata;Sin dato;Sin dato;79cc16a96556ccc2c917604592f3b44fe7a80233;Hurto de semoviente;Descuido;Sin dato;Sin dato;No;Sin dato;Sin dato;4ae8b814fab138d9032654fdc7d5f2ef29519810;Animales domésticos;Fauna;Mercancía;-1;Blanco;Sin dato;Sin dato
426520;HS_HURTO_GENERAL_2010_33234;2009-12-01 06:00:00;8a35a56ffa54f435571bf3fbb0e5f6f98476d682;73dc3c5110f7e8c8bf7fd1e1671894bd328e2703;4cb0184ae04883cef9a5040f13f04e6a85b67e62;0ab4f50acb668cf6c443a8b7ee35c3ca0a65c2e6;;;VERDADERO;25000000;1;73dc3c5110f7e8c8bf7fd1e1671894bd328e2703;Sin dato;SIN DATO;SIN DATO;Sin dato;Bello;8a35a56ffa54f435571bf3fbb0e5f6f98476d682;Sin dato;-1;Sin dato;Sin dato;Sin dato;Sin dato;Sin dato;Sin dato;Sin dato;Automóvil;Sin dato;Sin dato;4cb0184ae04883cef9a5040f13f04e6a85b67e62;Hurto de semoviente;Atraco;Sin dato;Sin dato;Arma de fuego;Sin dato;Sin dato;0ab4f50acb668cf6c443a8b7ee35c3ca0a65c2e6;Animales domésticos;Fauna;Mercancía;-1;Sin dato;Sin dato;Sin dato
426522;HS_HURTO_GENERAL_2013_27671;2009-12-01 06:00:00;8a35a56ffa54f435571bf3fbb0e5f6f98476d682;73dc3c5110f7e8c8bf7fd1e1671894bd328e2703;4cb0184ae04883cef9a5040f13f04e6a85b67e62;0ab4f50acb668cf6c443a8b7ee35c3ca0a65c2e6;;;FALSO;25000000;1;73dc3c5110f7e8c8bf7fd1e1671894bd328e2703;Sin dato;SIN DATO;SIN DATO;Sin dato;Bello;8a35a56ffa54f435571bf3fbb0e5f6f98476d682;Sin dato;-1;Sin dato;Sin dato;Sin dato;Sin dato;Sin dato;Sin dato;Sin dato;Automóvil;Sin dato;Sin dato;4cb0184ae04883cef9a5040f13f04e6a85b67e62;Hurto de semoviente;Atraco;Sin dato;Sin dato;Arma de fuego;Sin dato;Sin dato;0ab4f50acb668cf6c443a8b7ee35c3ca0a65c2e6;Animales domésticos;Fauna;Mercancía;-1;Sin dato;Sin dato;Sin dato
427073;4c66e3b6-ef3e-48a5-985a-51b302683bb5;2023-07-10 12:30:00;07b364b6070d3d58ca6690e00ca216104c132ec3;b843c22a2a94076a96d99759d0af919bd3a2d273;79cc16a96556ccc2c917604592f3b44fe7a80233;644556d829a0cd151a126662a6fef2846e2eeda1;;;VERDADERO;0;1;b843c22a2a94076a96d99759d0af919bd3a2d273;Aures No.1;#0713;7;Finca;Castilla;07b364b6070d3d58ca6690e00ca216104c132ec3;Hombre;56;Sin dato;Sin dato;Sin dato;Sin dato;Sin dato;Sin dato;Sin dato;Caminata;Sin dato;Sin dato;79cc16a96556ccc2c917604592f3b44fe7a80233;Hurto de semoviente;Descuido;Sin dato;Sin dato;No;Sin dato;Sin dato;644556d829a0cd151a126662a6fef2846e2eeda1;Sin dato;Sin dato;Sin dato;-1;Sin dato;Sin dato;Sin dato
429120;4feffb3df9312ce0f2769acca4c400f31943d59c;2019-12-18 15:20:00;dc05bfae1d7a97c4f190571ff88f445fd014528e;546dd29a7a2e3bb5eea9b0d73b584cd00b4b6bd3;14ddbf55ca54e0eb4eef60d03b2869aa888e7b27;0ab4f50acb668cf6c443a8b7ee35c3ca0a65c2e6;6,25727291;-75,60355328;VERDADERO;26000000;1;546dd29a7a2e3bb5eea9b0d73b584cd00b4b6bd3;La Floresta;#1205;12;Vía pública;Laureles;dc05bfae1d7a97c4f190571ff88f445fd014528e;Hombre;30;Casado(a);Sin dato;Sin dato;Sin dato;Sin dato;Sin dato;Sin dato;Automóvil;Sin dato;Sin dato;14ddbf55ca54e0eb4eef60d03b2869aa888e7b27;Hurto de semoviente;Atraco;Sin dato;No;Arma de fuego;Sin dato;Sin dato;0ab4f50acb668cf6c443a8b7ee35c3ca0a65c2e6;Animales domésticos;Fauna;Mercancía;-1;Sin dato;Sin dato;Sin dato
429636;ad47362c7ea1d0a6d61378016af06333ed35b168;2017-04-15 00:00:00;1c42ae6b1abbc6e7ec87a7d16dece2863b932f00;7b4eb830f7a3c8af46f90f582fa1c66b121b9ab2;cf6494077082b620d07b18d7c92a746d69b19863;0ab4f50acb668cf6c443a8b7ee35c3ca0a65c2e6;6,18467787;-75,65352285;VERDADERO;1500000;1;7b4eb830f7a3c8af46f90f582fa1c66b121b9ab2;Área Urbana Cgto. San Antonio de Prado;#AUC2;80;Finca;San Antonio de Prado;1c42ae6b1abbc6e7ec87a7d16dece2863b932f00;Hombre;64;Casado(a);Sin dato;Sin dato;Sin dato;Sin dato;Sin dato;Sin dato;Caminata;Sin dato;Sin dato;cf6494077082b620d07b18d7c92a746d69b19863;Hurto de semoviente;Descuido;Sin dato;No;No;Sin dato;Sin dato;0ab4f50acb668cf6c443a8b7ee35c3ca0a65c2e6;Animales domésticos;Fauna;Mercancía;-1;Sin dato;Sin dato;Sin dato
438361;dc73a2b5180ac7f6d5b5d5cec9fff9e258b49311;2018-11-07 23:55:00;038967deb5fcbc041fb76350cc67dae75f35146b;00bed8a9b6c80619abc9b621e1d642d6b804b704;fa314032ba1b837f51e5230660ab8b5518ca573c;cdd2403abc2fbe19253a01600a49420c01503694;6,3238065;-75,67517728;VERDADERO;7499999,5;1;00bed8a9b6c80619abc9b621e1d642d6b804b704;Volcana Guayabal;#5005;50;Finca;Doce de Octubre;038967deb5fcbc041fb76350cc67dae75f35146b;Hombre;38;Unión marital de hecho;Sin dato;Sin dato;Sin dato;Sin dato;Sin dato;Sin dato;Caminata;Sin dato;Sin dato;fa314032ba1b837f51e5230660ab8b5518ca573c;Hurto de semoviente;Arreo;Sin dato;No;No;Sin dato;Sin dato;cdd2403abc2fbe19253a01600a49420c01503694;Animales domésticos;Fauna;Mercancía;-1;Negro;Sin dato;Sin dato
444154;97d1cda07c4e55c4e060d11668fd1d4147668f42;2017-06-16 06:00:00;82c7765a37499250917f79214ffaafe2b0c4db77;a61a84f66fe782533a5b85a5a052cb8f0b7d57f2;fa314032ba1b837f51e5230660ab8b5518ca573c;0ab4f50acb668cf6c443a8b7ee35c3ca0a65c2e6;6,2784177;-75,64068109;VERDADERO;1000000;1;a61a84f66fe782533a5b85a5a052cb8f0b7d57f2;Las Playas S.C.;#6015;60;Finca;Doce de Octubre;82c7765a37499250917f79214ffaafe2b0c4db77;Hombre;44;Unión marital de hecho;Sin dato;Sin dato;Sin dato;Sin dato;Sin dato;Sin dato;Caminata;Sin dato;Sin dato;fa314032ba1b837f51e5230660ab8b5518ca573c;Hurto de semoviente;Arreo;Sin dato;No;No;Sin dato;Sin dato;0ab4f50acb668cf6c443a8b7ee35c3ca0a65c2e6;Animales domésticos;Fauna;Mercancía;-1;Sin dato;Sin dato;Sin dato
449041;HS_HURTO_GENERAL_2010_16105;2005-11-15 20:10:00;c770a908eab576a303134aaf20585503261e8a37;d6e1b95cfc4bb5da3fc7004caf3e9aac0c48e4ec;25cf76920018f9adfd489cce7f9d2db850b40cf2;0ab4f50acb668cf6c443a8b7ee35c3ca0a65c2e6;;;VERDADERO;10800000;1;d6e1b95cfc4bb5da3fc7004caf3e9aac0c48e4ec;Sin dato;SIN DATO;SIN DATO;Vía pública;Doce de Octubre;c770a908eab576a303134aaf20585503261e8a37;Hombre;35;Casado(a);Sin dato;Sin dato;Sin dato;Sin dato;Sin dato;Sin dato;Automóvil;Sin dato;Sin dato;25cf76920018f9adfd489cce7f9d2db850b40cf2;Hurto de semoviente;Sin dato;Sin dato;Sin dato;Sin dato;Sin dato;Sin dato;0ab4f50acb668cf6c443a8b7ee35c3ca0a65c2e6;Animales domésticos;Fauna;Mercancía;-1;Sin dato;Sin dato;Sin dato
455893;HS_HURTO_GENERAL_2013_37006;2012-05-17 04:55:00;ac948c80b71bbe9b5489e074320eace7eec52b42;55c69be4796015815b0350adbb2db76950300612;378cc9b0270d6db0d4b7a689c6337891e38968f4;0ab4f50acb668cf6c443a8b7ee35c3ca0a65c2e6;;;VERDADERO;18000000;1;55c69be4796015815b0350adbb2db76950300612;Yarumalito;#8004;80;Finca;Belén;ac948c80b71bbe9b5489e074320eace7eec52b42;Hombre;68;Casado(a);Sin dato;Sin dato;Sin dato;Sin dato;Sin dato;Sin dato;Caminata;Sin dato;Sin dato;378cc9b0270d6db0d4b7a689c6337891e38968f4;Hurto de semoviente;Arreo;Sin dato;No;Arma cortopunzante;Sin dato;Sin dato;0ab4f50acb668cf6c443a8b7ee35c3ca0a65c2e6;Animales domésticos;Fauna;Mercancía;-1;Sin dato;Sin dato;Sin dato
456888;9947899bce0b6026399a789559d0daaa2c54300d;2020-04-28 18:19:00;4cace7ab379ad8928bcb9d8042732aba4d479730;9acc0ee2b4b8612ae0658dd08fb7c1015c16fc18;cf6494077082b620d07b18d7c92a746d69b19863;cdd2403abc2fbe19253a01600a49420c01503694;6,19841143;-75,64360292;VERDADERO;6000000;1;9acc0ee2b4b8612ae0658dd08fb7c1015c16fc18;La Verde;#8007;80;Finca;San Antonio de Prado;4cace7ab379ad8928bcb9d8042732aba4d479730;Hombre;60;Soltero(a);Sin dato;Sin dato;Sin dato;Sin dato;Sin dato;Sin dato;Caminata;Sin dato;Sin dato;cf6494077082b620d07b18d7c92a746d69b19863;Hurto de semoviente;Descuido;Sin dato;No;No;Sin dato;Sin dato;cdd2403abc2fbe19253a01600a49420c01503694;Animales domésticos;Fauna;Mercancía;-1;Negro;Sin dato;Sin dato
458846;464faa0d-2019-4a73-855a-70a7ef9f8065;2022-10-02 20:00:00;3ce8423953a9ea4d541cecb0f437b8b7ab10efbb;e28c3a2087fe67689cc2cc0786b3825e840b1d37;d852fb703a17142dc115367cbd161c9594fcb76d;4ae8b814fab138d9032654fdc7d5f2ef29519810;6,23161158;-75,66959061;VERDADERO;2000000;1;e28c3a2087fe67689cc2cc0786b3825e840b1d37;El Astillero;#8005;80;Finca;San Antonio de Prado;3ce8423953a9ea4d541cecb0f437b8b7ab10efbb;Hombre;40;Casado(a);Sin dato;Sin dato;Sin dato;Sin dato;Sin dato;Sin dato;Caminata;Sin dato;Sin dato;d852fb703a17142dc115367cbd161c9594fcb76d;Hurto de semoviente;Desvalijar o descuartizar;Sin dato;No;Arma cortopunzante;Sin dato;Sin dato;4ae8b814fab138d9032654fdc7d5f2ef29519810;Animales domésticos;Fauna;Mercancía;-1;Blanco;Sin dato;Sin dato
461898;a2452c100970743b9d803962703c57a9bb3df2e2;2018-08-19 09:00:00;038967deb5fcbc041fb76350cc67dae75f35146b;c0d21cb7c3e542ca60c0c39bfa14f6b5e12e172d;fa314032ba1b837f51e5230660ab8b5518ca573c;0ab4f50acb668cf6c443a8b7ee35c3ca0a65c2e6;6,31749982;-75,65706959;VERDADERO;5000000;1;c0d21cb7c3e542ca60c0c39bfa14f6b5e12e172d;Boqueron;#6006;60;Potrero;Doce de Octubre;038967deb5fcbc041fb76350cc67dae75f35146b;Hombre;38;Unión marital de hecho;Sin dato;Sin dato;Sin dato;Sin dato;Sin dato;Sin dato;Caminata;Sin dato;Sin dato;fa314032ba1b837f51e5230660ab8b5518ca573c;Hurto de semoviente;Arreo;Sin dato;No;No;Sin dato;Sin dato;0ab4f50acb668cf6c443a8b7ee35c3ca0a65c2e6;Animales domésticos;Fauna;Mercancía;-1;Sin dato;Sin dato;Sin dato
470492;HS_HURTO_GENERAL_2013_6071;2004-02-14 06:00:00;d6bb6aada04cef1352ad9d75a823d1585ccd5f22;30661be84aa50ec6b8fe742cd36a636d678c3a59;25cf76920018f9adfd489cce7f9d2db850b40cf2;0ab4f50acb668cf6c443a8b7ee35c3ca0a65c2e6;6,204354;-75,551633;VERDADERO;7199999,5;1;30661be84aa50ec6b8fe742cd36a636d678c3a59;El Tesoro;#1409;14;Finca;Sin dato;d6bb6aada04cef1352ad9d75a823d1585ccd5f22;Hombre;40;Sin dato;Sin dato;Sin dato;Sin dato;Sin dato;Sin dato;Sin dato;Sin dato;Sin dato;Sin dato;25cf76920018f9adfd489cce7f9d2db850b40cf2;Hurto de semoviente;Sin dato;Sin dato;Sin dato;Sin dato;Sin dato;Sin dato;0ab4f50acb668cf6c443a8b7ee35c3ca0a65c2e6;Animales domésticos;Fauna;Mercancía;-1;Sin dato;Sin dato;Sin dato
472106;HS_HURTO_GENERAL_2010_26178;2008-06-12 03:00:00;7b289ebf061ec2c29ee004d2dc1dd4ecb63e9513;8f1c7fc5fd6988eacc2e07a38ac34f915810cd8d;429baa1a54a03fc261ea315e9160af5906391bdb;0ab4f50acb668cf6c443a8b7ee35c3ca0a65c2e6;;;VERDADERO;14999999;1;8f1c7fc5fd6988eacc2e07a38ac34f915810cd8d;Boqueron;#6006;60;Finca;Doce de Octubre;7b289ebf061ec2c29ee004d2dc1dd4ecb63e9513;Hombre;54;Casado(a);Sin dato;Sin dato;Sin dato;Sin dato;Sin dato;Sin dato;Caminata;Sin dato;Sin dato;429baa1a54a03fc261ea315e9160af5906391bdb;Hurto de semoviente;Arreo;Sin dato;Sin dato;Sin dato;Sin dato;Sin dato;0ab4f50acb668cf6c443a8b7ee35c3ca0a65c2e6;Animales domésticos;Fauna;Mercancía;-1;Sin dato;Sin dato;Sin dato
472107;HS_HURTO_GENERAL_2013_22388;2008-06-12 03:00:00;7b289ebf061ec2c29ee004d2dc1dd4ecb63e9513;8f1c7fc5fd6988eacc2e07a38ac34f915810cd8d;429baa1a54a03fc261ea315e9160af5906391bdb;0ab4f50acb668cf6c443a8b7ee35c3ca0a65c2e6;;;FALSO;14999999;1;8f1c7fc5fd6988eacc2e07a38ac34f915810cd8d;Boqueron;#6006;60;Finca;Doce de Octubre;7b289ebf061ec2c29ee004d2dc1dd4ecb63e9513;Hombre;54;Casado(a);Sin dato;Sin dato;Sin dato;Sin dato;Sin dato;Sin dato;Caminata;Sin dato;Sin dato;429baa1a54a03fc261ea315e9160af5906391bdb;Hurto de semoviente;Arreo;Sin dato;Sin dato;Sin dato;Sin dato;Sin dato;0ab4f50acb668cf6c443a8b7ee35c3ca0a65c2e6;Animales domésticos;Fauna;Mercancía;-1;Sin dato;Sin dato;Sin dato
478959;407a3b3b12928bd94a1404688d7be776c9cebab5;2018-03-14 05:45:00;3c3f7cec35bd82eca367fdb082e5f4ce6ffb4bf5;9acc0ee2b4b8612ae0658dd08fb7c1015c16fc18;d852fb703a17142dc115367cbd161c9594fcb76d;4ae8b814fab138d9032654fdc7d5f2ef29519810;6,19354283;-75,64971477;VERDADERO;5000000;1;9acc0ee2b4b8612ae0658dd08fb7c1015c16fc18;La Verde;#8007;80;Finca;San Antonio de Prado;3c3f7cec35bd82eca367fdb082e5f4ce6ffb4bf5;Hombre;53;Casado(a);Sin dato;Sin dato;Sin dato;Sin dato;Sin dato;Sin dato;Caminata;Sin dato;Sin dato;d852fb703a17142dc115367cbd161c9594fcb76d;Hurto de semoviente;Desvalijar o descuartizar;Sin dato;No;Arma cortopunzante;Sin dato;Sin dato;4ae8b814fab138d9032654fdc7d5f2ef29519810;Animales domésticos;Fauna;Mercancía;-1;Blanco;Sin dato;Sin dato
488354;10be9f81c72a5d131183eb4e1c144dda88e786e3;2020-07-27 08:00:00;5f061d32b4abaaa880a9eb4066678adec33696d5;8da39bda06af1ba43f3bce9b76ec59529e85e510;fa314032ba1b837f51e5230660ab8b5518ca573c;3a8e703a337586d18e01c727a2885a179ee16015;6,23900027;-75,51424175;VERDADERO;7499999,5;1;8da39bda06af1ba43f3bce9b76ec59529e85e510;Media Luna;#9002;90;Potrero;Buenos Aires;5f061d32b4abaaa880a9eb4066678adec33696d5;Hombre;41;Casado(a);Sin dato;Sin dato;Sin dato;Sin dato;Sin dato;Sin dato;Caminata;Sin dato;Sin dato;fa314032ba1b837f51e5230660ab8b5518ca573c;Hurto de semoviente;Arreo;Sin dato;No;No;Sin dato;Sin dato;3a8e703a337586d18e01c727a2885a179ee16015;Animales domésticos;Fauna;Mercancía;-1;Café;Sin dato;Sin dato
492921;b857fde888b5a2412ecb047ebe8f38ea1ffab993;2020-07-27 08:00:00;5f061d32b4abaaa880a9eb4066678adec33696d5;8da39bda06af1ba43f3bce9b76ec59529e85e510;fa314032ba1b837f51e5230660ab8b5518ca573c;3d6e250c5e9d3503af3241917447dc177fa7d099;6,23900027;-75,51424175;FALSO;7499999,5;1;8da39bda06af1ba43f3bce9b76ec59529e85e510;Media Luna;#9002;90;Potrero;Buenos Aires;5f061d32b4abaaa880a9eb4066678adec33696d5;Hombre;41;Casado(a);Sin dato;Sin dato;Sin dato;Sin dato;Sin dato;Sin dato;Caminata;Sin dato;Sin dato;fa314032ba1b837f51e5230660ab8b5518ca573c;Hurto de semoviente;Arreo;Sin dato;No;No;Sin dato;Sin dato;3d6e250c5e9d3503af3241917447dc177fa7d099;Animales domésticos;Fauna;Mercancía;-1;Gris;Sin dato;Sin dato
518021;HS_HURTO_GENERAL_2013_26030;2009-04-28 02:00:00;8a35a56ffa54f435571bf3fbb0e5f6f98476d682;744b10d5a0d3d6f91707af61adf793c8a0f5a402;4cb0184ae04883cef9a5040f13f04e6a85b67e62;0ab4f50acb668cf6c443a8b7ee35c3ca0a65c2e6;;;FALSO;24000000;1;744b10d5a0d3d6f91707af61adf793c8a0f5a402;Sin dato;SIN DATO;SIN DATO;Vía pública;Belén;8a35a56ffa54f435571bf3fbb0e5f6f98476d682;Sin dato;-1;Sin dato;Sin dato;Sin dato;Sin dato;Sin dato;Sin dato;Sin dato;Automóvil;Sin dato;Sin dato;4cb0184ae04883cef9a5040f13f04e6a85b67e62;Hurto de semoviente;Atraco;Sin dato;Sin dato;Arma de fuego;Sin dato;Sin dato;0ab4f50acb668cf6c443a8b7ee35c3ca0a65c2e6;Animales domésticos;Fauna;Mercancía;-1;Sin dato;Sin dato;Sin dato
519044;HS_HURTO_GENERAL_2013_32546;2011-05-15 09:00:00;8a35a56ffa54f435571bf3fbb0e5f6f98476d682;d6e1b95cfc4bb5da3fc7004caf3e9aac0c48e4ec;14ddbf55ca54e0eb4eef60d03b2869aa888e7b27;0ab4f50acb668cf6c443a8b7ee35c3ca0a65c2e6;;;VERDADERO;18000000;1;d6e1b95cfc4bb5da3fc7004caf3e9aac0c48e4ec;Sin dato;SIN DATO;SIN DATO;Vía pública;Doce de Octubre;8a35a56ffa54f435571bf3fbb0e5f6f98476d682;Sin dato;-1;Sin dato;Sin dato;Sin dato;Sin dato;Sin dato;Sin dato;Sin dato;Automóvil;Sin dato;Sin dato;14ddbf55ca54e0eb4eef60d03b2869aa888e7b27;Hurto de semoviente;Atraco;Sin dato;No;Arma de fuego;Sin dato;Sin dato;0ab4f50acb668cf6c443a8b7ee35c3ca0a65c2e6;Animales domésticos;Fauna;Mercancía;-1;Sin dato;Sin dato;Sin dato
523629;aed870145eff9999094399183a946da908073094;2015-12-04 14:00:00;907b062a88835b11f40e4adce07dcce6f5fcde0e;ea147c856aa26023908852bc87d3fc39f7bbdb1e;fa314032ba1b837f51e5230660ab8b5518ca573c;cdd2403abc2fbe19253a01600a49420c01503694;6,30454461;-75,61562819;VERDADERO;2000000;1;ea147c856aa26023908852bc87d3fc39f7bbdb1e;El Yolombo;#6009;60;Finca;Doce de Octubre;907b062a88835b11f40e4adce07dcce6f5fcde0e;Hombre;70;Casado(a);Sin dato;Sin dato;Sin dato;Sin dato;Sin dato;Sin dato;Caminata;Sin dato;Sin dato;fa314032ba1b837f51e5230660ab8b5518ca573c;Hurto de semoviente;Arreo;Sin dato;No;No;Sin dato;Sin dato;cdd2403abc2fbe19253a01600a49420c01503694;Animales domésticos;Fauna;Mercancía;-1;Negro;Sin dato;Sin dato
530656;5c8ac5bd-6509-419c-a162-21eeaa268d4b;2023-04-23 12:00:00;900a114ad9ee86fa71a4cbd2e9eace3afc6073d5;b42cbf3eb613c1114390d5537d523ffd90614219;c7e9b3de9701f5d074e0895f06b836023fe0f144;644556d829a0cd151a126662a6fef2846e2eeda1;;;VERDADERO;0;1;b42cbf3eb613c1114390d5537d523ffd90614219;Travesias;#6016;60;Finca;Doce de Octubre;900a114ad9ee86fa71a4cbd2e9eace3afc6073d5;Mujer;58;Sin dato;Sin dato;Sin dato;Sin dato;Sin dato;Sin dato;Sin dato;Caminata;Sin dato;Sin dato;c7e9b3de9701f5d074e0895f06b836023fe0f144;Hurto de semoviente;Arreo;Sin dato;Sin dato;No;Sin dato;Sin dato;644556d829a0cd151a126662a6fef2846e2eeda1;Sin dato;Sin dato;Sin dato;-1;Sin dato;Sin dato;Sin dato
537194;HS_HURTO_GENERAL_2010_15278;2005-09-17 15:00:00;5f061d32b4abaaa880a9eb4066678adec33696d5;62a9f7f5f30ca8441e719bbf0ed424547c337ecd;eaacba87b3e029abdb58e4214b44ccc315fd2de2;cdd2403abc2fbe19253a01600a49420c01503694;6,253469;-75,623514;VERDADERO;1000000;1;62a9f7f5f30ca8441e719bbf0ed424547c337ecd;Veinte de Julio;#1310;13;Potrero;San Javier;5f061d32b4abaaa880a9eb4066678adec33696d5;Hombre;41;Casado(a);Sin dato;Sin dato;Sin dato;Sin dato;Sin dato;Sin dato;Caminata;Sin dato;Sin dato;eaacba87b3e029abdb58e4214b44ccc315fd2de2;Hurto de semoviente;Descuido;Sin dato;Sin dato;Sin dato;Sin dato;Sin dato;cdd2403abc2fbe19253a01600a49420c01503694;Animales domésticos;Fauna;Mercancía;-1;Negro;Sin dato;Sin dato
537196;HS_HURTO_GENERAL_2013_13349;2005-09-17 15:00:00;5f061d32b4abaaa880a9eb4066678adec33696d5;62a9f7f5f30ca8441e719bbf0ed424547c337ecd;eaacba87b3e029abdb58e4214b44ccc315fd2de2;cdd2403abc2fbe19253a01600a49420c01503694;6,253469;-75,623514;FALSO;1000000;1;62a9f7f5f30ca8441e719bbf0ed424547c337ecd;Veinte de Julio;#1310;13;Potrero;San Javier;5f061d32b4abaaa880a9eb4066678adec33696d5;Hombre;41;Casado(a);Sin dato;Sin dato;Sin dato;Sin dato;Sin dato;Sin dato;Caminata;Sin dato;Sin dato;eaacba87b3e029abdb58e4214b44ccc315fd2de2;Hurto de semoviente;Descuido;Sin dato;Sin dato;Sin dato;Sin dato;Sin dato;cdd2403abc2fbe19253a01600a49420c01503694;Animales domésticos;Fauna;Mercancía;-1;Negro;Sin dato;Sin dato
